StartDate,EndDate,Status,Progress,Duration (in seconds),Finished,RecordedDate,ResponseId,DistributionChannel,registeredyet,timepleasecontinue_First Click,timepleasecontinue_Last Click,timepleasecontinue_Page Submit,timepleasecontinue_Click Count,timenbrcontact_First Click,timenbrcontact_Last Click,timenbrcontact_Page Submit,timenbrcontact_Click Count,nbr_regularcontact,timenbrname_First Click,timenbrname_Last Click,timenbrname_Page Submit,timenbrname_Click Count,nbr_name,timenbrhaveemail_First Click,timenbrhaveemail_Last Click,timenbrhaveemail_Page Submit,timenbrhaveemail_Click Count,nbr_know_email,timenbrwouldemail_First Click,timenbrwouldemail_Last Click,timenbrwouldemail_Page Submit,timenbrwouldemail_Click Count,nbr_willing_email_hp,timehappiness_First Click,timehappiness_Last Click,timehappiness_Page Submit,timehappiness_Click Count,happiness_1,time_ns1_donint_First Click,time_ns1_donint_Last Click,time_ns1_donint_Page Submit,time_ns1_donint_Click Count,ns1_don_int_hb,time_ns1_dondom_First Click,time_ns1_dondom_Last Click,time_ns1_dondom_Page Submit,time_ns1_dondom_Click Count,ns1_dondom_hb,time_nsa_donint_First Click,time_nsa_donint_Last Click,time_nsa_donint_Page Submit,time_nsa_donint_Click Count,ns1_donint_ha,timing_ns1_dondom_First Click,timing_ns1_dondom_Last Click,timing_ns1_dondom_Page Submit,timing_ns1_dondom_Click Count,ns1_dondom_ha,timeplacebo_BHF_First Click,timeplacebo_BHF_Last Click,timeplacebo_BHF_Page Submit,timeplacebo_BHF_Click Count,regyet,nsbeforewinask,nsb4whichchar,winscreen,nsbeforeask,nsb4whichchar,losescreen,winscreenafter,nsafterdon,nsafterwhichchar,noasklose,Q44,RecruitmentID,sex,childpresentmdl,clustergroup,ordergroup,recruitmentid,title,rand_num,rankingroup,groupn,reminderperson,firstasktreat,OxfamDonation,BHFDonation,TotalDonation,Gift,BHFExtra,OxfamExtra,TotalExtra
Start Date,End Date,Response Type,Progress,Duration (in seconds),Finished,Recorded Date,Response ID,Distribution Channel,Have you registered as a participant at the ESSEXLab yet?,Timing - First Click,Timing - Last Click,Timing - Page Submit,Timing - Click Count,Timing - First Click,Timing - Last Click,Timing - Page Submit,Timing - Click Count,Are you regularly in contact with any of your next-door neighbours?,Timing - First Click,Timing - Last Click,Timing - Page Submit,Timing - Click Count,Do you know the first name of any of your next door neighbours?,Timing - First Click,Timing - Last Click,Timing - Page Submit,Timing - Click Count,Have you exchanged emails or contact information with any of your next-door neighbours?,Timing - First Click,Timing - Last Click,Timing - Page Submit,Timing - Click Count,Would you be willing to exchange emails with your next-door neighbour?      (Please note this question is hypothetical; we will not share your email with anyone as a result of your answer to this question.),Timing - First Click,Timing - Last Click,Timing - Page Submit,Timing - Click Count,How would you rate your happiness at the moment?,Timing - First Click,Timing - Last Click,Timing - Page Submit,Timing - Click Count,"Before we continue…    We are giving you the opportunity to donate from your reward to Oxfam. For every pound you donate, we will add an extra 25p.  Please click on the image below for further information about this charity (link will open in a new tab).               From your £10 Amazon gift certificate are you willing to donate to Oxfam?    If you donate, your donation will be automatically deducted from your reward and passed on to this charity, plus an additional 25% from our own funds.     Rewards will be sent and donations will be made within 7 days and receipts will be kept at the ESSExLab office. We will not pass your personal information on to the charity.      Please enter the amount you would like to donate, if anything, in the box below. (Enter a whole number between 0 and 10; you do not need to enter the £ sign.)",Timing - First Click,Timing - Last Click,Timing - Page Submit,Timing - Click Count,"Before we continue…    We are giving you the opportunity to donate from your reward to the British Heart Foundation. For every pound you donate, we will add an extra 25p.  Please click on the image below for further information about this charity (link will open in a new tab).       ​     From your £10 Amazon gift certificate are you willing to donate to the British Heart Foundation?    If you donate, your donation will be automatically deducted from your reward and passed on to this charity, plus an additional 25% from our own funds.     Prizes will be sent and donations will be made within 7 days and receipts will be kept at the ESSExLab office. We will not pass your personal information on to the charity.         Please enter the amount you would like to donate, if anything, in the box below. (Enter a whole number between 0 and 10; you do not need to enter the £ sign.)",Timing - First Click,Timing - Last Click,Timing - Page Submit,Timing - Click Count,[QID21-QuestionText],Timing - First Click,Timing - Last Click,Timing - Page Submit,Timing - Click Count,[QID26-QuestionText],Timing - First Click,Timing - Last Click,Timing - Page Submit,Timing - Click Count,Have you registered as a participant at the ESSEXLab yet?,"Before we reveal if you have won the £10 Amazon voucher...  We are giving you the opportunity to donate from your prize      to one of two charities:  either Oxfam or the British Heart Foundation.     For every pound you donate, we will add an extra 25p.  Please click on the images below for further information about these charities (links will open in a new tab).             IF you win the £10 Amazon voucher, WOULD you be willing to donate to one of the above charities?     This will not affect your chance of winning, as the prize winners have already been chosen through a random draw.     If you win, your donation will be automatically deducted from your prize and passed on to the charity of your choice, plus an additional 25% from our own funds. Donations will be made within 7 days and receipts will be kept at the ESSExLab office. We will not pass your personal information on to the charity.     Please enter the amount you would like to donate (if anything) if you win the prize, in the box below. (Enter a whole number between 0 and 10; you do not need to enter the £ sign.)","Please select the charity you would like to donate to, if you win","Congratulations you have WON a £10 Amazon gift certificate!      You must continue to the end to be certain your response is recorded,   and to be certain that you can claim your prize.    Rewards will be emailed to you, minus any amount you chose to donate. Donations will be matched with an additional 25% from our own funds, will  made  within 7 days and receipts will be kept at the ESSExLab office.","Before we reveal if you have won the £10 Amazon voucher...  We are giving you the opportunity to donate from your prize to one of two charities:  either Oxfam or the British Heart Foundation.  For every pound you donate, we will add an extra 25p.  Please click on the images below for further information about these charities (links will open in a new tab).             IF you win the £10 Amazon voucher, WOULD you be willing to donate to one of the above charities?     This will not affect your chance of winning, as the prize winners have already been chosen through a random draw.        If you win, your donation will be automatically deducted from your prize and passed on to the charity of your choice, plus an additional 25% from our own funds. Donations will be made within 7 days and receipts will be kept at the ESSExLab office. We will not pass your personal information on to the charity.     Please enter the amount you would like to donate (if anything) if you win the prize, in the box below. (Enter a whole number between 0 and 10; you do not need to enter the £ sign.)","Please select the charity you would like to donate to, if you win","Sorry, you did not win the £10 Amazon voucher. Please continue to the end to make sure your response is registered.","Congratulations you have WON a £10 Amazon gift certificate!      You must continue to the end to be certain your response is recorded,   and to be certain that you can claim your prize.","Before we explain how to claim your prize...  We are giving you the opportunity to donate from your prize to one of two charities:  either Oxfam or the British Heart Foundation.  For every pound you donate, we will add an extra 25p.  Please click on the images below for further information about these charities (links will open in a new tab).               Now that you have won the £10 Amazon voucher WOULD you be willing to donate to one of the above charities?      If you donate, your donation will be automatically deducted from your prize and passed on to the charity of your choice, plus an additional 25% from our own funds. Donations will be made within 7 days and receipts will be kept at the ESSExLab office. We will not pass your personal information on to the charity.      Please enter the amount you would like to donate (if anything) if you win the prize, in the box below. (Enter a whole number between 0 and 10; you do not need to enter the £ sign.)",Please select the charity you would like to donate to,"Sorry,  you did not win the £10 Amazon voucher. Please continue to the end to  be sure your response is registered.","If you have any comments, please write them below. Otherwise, please continue.",RecruitmentID,sex,childpresentmdl,clustergroup,ordergroup,recruitmentid,title,rand_num,rankingroup,groupn,reminderperson,firstasktreat,OxfamDonation,BHFDonation,TotalDonation,Gift,BHFExtra,OxfamExtra,TotalExtra
"{""ImportId"":""startDate""}","{""ImportId"":""endDate""}","{""ImportId"":""status""}","{""ImportId"":""progress""}","{""ImportId"":""duration""}","{""ImportId"":""finished""}","{""ImportId"":""recordedDate""}","{""ImportId"":""_recordId""}","{""ImportId"":""distributionChannel""}","{""ImportId"":""QID62""}","{""ImportId"":""QID50_FIRST_CLICK""}","{""ImportId"":""QID50_LAST_CLICK""}","{""ImportId"":""QID50_PAGE_SUBMIT""}","{""ImportId"":""QID50_CLICK_COUNT""}","{""ImportId"":""QID53_FIRST_CLICK""}","{""ImportId"":""QID53_LAST_CLICK""}","{""ImportId"":""QID53_PAGE_SUBMIT""}","{""ImportId"":""QID53_CLICK_COUNT""}","{""ImportId"":""QID4""}","{""ImportId"":""QID54_FIRST_CLICK""}","{""ImportId"":""QID54_LAST_CLICK""}","{""ImportId"":""QID54_PAGE_SUBMIT""}","{""ImportId"":""QID54_CLICK_COUNT""}","{""ImportId"":""QID6""}","{""ImportId"":""QID55_FIRST_CLICK""}","{""ImportId"":""QID55_LAST_CLICK""}","{""ImportId"":""QID55_PAGE_SUBMIT""}","{""ImportId"":""QID55_CLICK_COUNT""}","{""ImportId"":""QID8""}","{""ImportId"":""QID56_FIRST_CLICK""}","{""ImportId"":""QID56_LAST_CLICK""}","{""ImportId"":""QID56_PAGE_SUBMIT""}","{""ImportId"":""QID56_CLICK_COUNT""}","{""ImportId"":""QID10""}","{""ImportId"":""QID57_FIRST_CLICK""}","{""ImportId"":""QID57_LAST_CLICK""}","{""ImportId"":""QID57_PAGE_SUBMIT""}","{""ImportId"":""QID57_CLICK_COUNT""}","{""ImportId"":""QID15_1""}","{""ImportId"":""QID58_FIRST_CLICK""}","{""ImportId"":""QID58_LAST_CLICK""}","{""ImportId"":""QID58_PAGE_SUBMIT""}","{""ImportId"":""QID58_CLICK_COUNT""}","{""ImportId"":""QID21_TEXT""}","{""ImportId"":""QID59_FIRST_CLICK""}","{""ImportId"":""QID59_LAST_CLICK""}","{""ImportId"":""QID59_PAGE_SUBMIT""}","{""ImportId"":""QID59_CLICK_COUNT""}","{""ImportId"":""QID26_TEXT""}","{""ImportId"":""QID60_FIRST_CLICK""}","{""ImportId"":""QID60_LAST_CLICK""}","{""ImportId"":""QID60_PAGE_SUBMIT""}","{""ImportId"":""QID60_CLICK_COUNT""}","{""ImportId"":""QID28_TEXT""}","{""ImportId"":""QID61_FIRST_CLICK""}","{""ImportId"":""QID61_LAST_CLICK""}","{""ImportId"":""QID61_PAGE_SUBMIT""}","{""ImportId"":""QID61_CLICK_COUNT""}","{""ImportId"":""QID35_TEXT""}","{""ImportId"":""QID51_FIRST_CLICK""}","{""ImportId"":""QID51_LAST_CLICK""}","{""ImportId"":""QID51_PAGE_SUBMIT""}","{""ImportId"":""QID51_CLICK_COUNT""}","{""ImportId"":""QID77""}","{""ImportId"":""QID79_TEXT""}","{""ImportId"":""QID80""}","{""ImportId"":""QID81""}","{""ImportId"":""QID85_TEXT""}","{""ImportId"":""QID86""}","{""ImportId"":""QID87""}","{""ImportId"":""QID82""}","{""ImportId"":""QID83_TEXT""}","{""ImportId"":""QID84""}","{""ImportId"":""QID88""}","{""ImportId"":""QID92_TEXT""}","{""ImportId"":""RecruitmentID""}","{""ImportId"":""sex""}","{""ImportId"":""childpresentmdl""}","{""ImportId"":""clustergroup""}","{""ImportId"":""ordergroup""}","{""ImportId"":""recruitmentid""}","{""ImportId"":""title""}","{""ImportId"":""rand_num""}","{""ImportId"":""rankingroup""}","{""ImportId"":""groupn""}","{""ImportId"":""reminderperson""}","{""ImportId"":""firstasktreat""}","{""ImportId"":""OxfamDonation""}","{""ImportId"":""BHFDonation""}","{""ImportId"":""TotalDonation""}","{""ImportId"":""Gift""}","{""ImportId"":""BHFExtra""}","{""ImportId"":""OxfamExtra""}","{""ImportId"":""TotalExtra""}"
2017-05-08 15:12:36,2017-05-08 15:14:31,IP Address,100,114,True,2017-05-08 15:14:31,R_3n3glhSrLzbcOy2,email,Yes,,,,,3.893,3.893,5.816,1,Yes,2.093,2.093,5.854,1,Yes,2.721,2.721,5.577,1,Yes,4.862,4.862,6.405,1,Yes,5.035,5.035,5.813,1,Slightly happy,9.423,10.263,64.479,2,0,,,,,,,,,,,,,,,,,,,,,,,,,,,,,,,,139693,F,N,1,0,,Mrs,.0204424,14,,,,0,,0,10,0,0,0
2017-05-08 15:14:04,2017-05-08 15:15:40,IP Address,100,95,True,2017-05-08 15:15:41,R_3HSIBzQGUxNaGz1,email,Yes,,,,,2.987,3,7.313,2,Yes,2.762,2.774,5.654,2,Yes,2.572,2.585,5.543,2,Yes,5.6,5.613,6.562,2,Yes,5.553,5.57,6.383,2,Moderately happy,,,,,,5.555,29.25,32.751,6,10,,,,,,,,,,,,,,,,,,,,,,,,,,,131911,F,N,1,0,,Mrs,.1479465,106,,,domestic_happyfirst,,10,10,0,2.5,0,2.5
2017-05-08 15:23:44,2017-05-08 15:25:19,IP Address,100,95,True,2017-05-08 15:25:20,R_QbkNLdbRjGZaeU9,email,Yes,,,,,3.74,3.74,6.283,1,Yes,3.127,3.127,6.095,1,Yes,3.603,3.603,6.679,1,No,9.303,9.303,10.762,1,No,8.794,8.794,10.22,1,Extremely happy,,,,,,,,,,,5.678,27.424,31.443,3,0,,,,,,,,,,,,,,,,,,,,,,125080,F,Y,2,0,,Ms,.0971087,69,,,international_happyafter,0,,0,10,0,0,0
2017-05-08 15:24:53,2017-05-08 15:25:49,IP Address,100,55,True,2017-05-08 15:25:50,R_eCIibbZDBfaIgkp,email,Yes,0,0,1.917,0,1.935,1.935,6.141,1,No,3.057,3.057,5.862,1,Yes,2.102,2.102,5.763,1,No,2.232,2.232,5.718,1,Yes,2.948,2.948,5.981,1,Moderately unhappy,,,,,,,,,,,,,,,,,,,,,,,,,,,,,,,,,,,,,146285,M,N,3,0,,Mr,.0228523,22,,,noask,,,0,10,0,0,0
2017-05-08 15:24:12,2017-05-08 15:25:53,IP Address,100,101,True,2017-05-08 15:25:54,R_24JhlKKCKwHbDKH,email,Yes,,,,,2.791,4.587,5.701,3,Yes,2.301,4.915,8.022,6,Yes,5.153,5.167,6.089,2,No,2.437,4.886,5.574,3,Yes,2.889,10.824,13.031,3,Moderately happy,5.064,22.409,30.018,12,1,,,,,,,,,,,,,,,,,,,,,,,,,,,,,,,,134970,M,Y,4,0,,Mr,.0805864,33,,,,1,,1,9,0,0.25,0.25
2017-05-08 15:29:53,2017-05-08 15:31:54,IP Address,100,121,True,2017-05-08 15:31:55,R_8omCUxzHKrR4zsJ,email,Yes,,,,,5.151,5.165,5.941,2,Yes,2.111,5.709,5.745,3,Yes,2.94,2.955,6.067,2,Yes,4.342,4.353,5.91,2,Yes,14.783,14.801,16.034,2,Moderately happy,,,,,,10.146,35.618,46.305,12,0,,,,,,,,,,,,,,,,,,,,,,,,,,,141304,F,Y,2,0,,Miss,.0159242,12,,,domestic_happyfirst,,0,0,10,0,0,0
2017-05-08 15:28:56,2017-05-08 15:51:07,IP Address,100,1330,True,2017-05-08 15:51:08,R_1FbTxJytUhEe3lV,email,Yes,,,,,3.095,3.095,6.864,1,Yes,2.125,2.125,5.756,1,Yes,4.425,7.83,8.838,2,Yes,9.043,9.043,11.525,1,Yes,3.799,3.799,6.207,1,Slightly happy,,,,,,,,,,,,,,,,4.937,4.937,35.357,1,1,,,,,,,,,,,,,,,,,141884,F,Y,2,0,,Mrs,.0249599,22,,,domestic_happyafter,,1,1,9,0.25,0,0.25
2017-05-08 16:03:38,2017-05-08 16:05:36,IP Address,100,117,True,2017-05-08 16:05:37,R_3Dw55tyiWVcTw1H,email,Yes,,,,,3.647,3.662,6.026,2,Yes,4.203,4.224,5.985,2,Yes,3.795,3.809,5.844,2,Yes,3.695,6.438,7.866,3,Yes,3.777,8.713,11.026,3,Slightly unhappy,,,,,,,,,,,6.035,17.853,22.05,6,0,,,,,,,,,,,,,,,,,,,,,,149284,F,Y,2,0,,Miss,.1864244,134,,,international_happyafter,0,,0,10,0,0,0
2017-05-08 16:18:15,2017-05-08 16:19:47,IP Address,100,91,True,2017-05-08 16:19:48,R_3n1otcLo28PTIEN,email,Yes,,,,,1.981,1.987,5.894,2,Yes,2.356,2.361,5.755,2,Yes,3.18,3.186,5.615,2,Yes,7.619,7.624,8.355,2,Yes,5.739,5.746,7.397,2,Slightly unhappy,9.589,24.307,27.053,11,0,,,,,,,,,,,,,,,,,,,,,,,,,,,,,,,,130874,F,Y,2,0,,Mrs,.1754743,126,,,,0,,0,10,0,0,0
2017-05-08 18:18:16,2017-05-08 18:19:32,IP Address,100,76,True,2017-05-08 18:19:33,R_3m8IwLXcJ2N883O,email,Yes,,,,,5.837,5.859,7.057,2,Yes,2.57,2.578,7.666,2,No,4.336,4.344,5.936,2,No,6.99,6.997,7.83,2,Yes,11.093,11.103,12.908,2,Moderately happy,,,,,,,,,,,,,,,,,,,,,0,0,3.879,0,,,,,,,,,,,,,124334,F,Y,2,0,,Mrs,.1417012,103,,,noask,,,0,10,0,0,0
2017-05-08 19:21:51,2017-05-08 19:23:10,IP Address,100,78,True,2017-05-08 19:23:11,R_11aOsftbuXoytqc,email,Yes,0,0,2.715,0,3.429,3.441,6.038,2,No,5.703,5.715,6.699,2,Yes,5.187,5.21,6.19,2,No,6.415,6.426,7.367,2,No,6.674,6.694,8.291,2,Moderately happy,,,,,,,,,,,,,,,,,,,,,,,,,,,,,,,,,,,,,134445,F,Y,2,0,,Ms,.2123083,155,,,noask,,,0,10,0,0,0
2017-05-08 16:31:26,2017-05-08 19:43:39,IP Address,100,11533,True,2017-05-08 19:43:40,R_eRIL7lBlUGbrA2J,email,Yes,0,0,3.218,0,2.349,2.349,6.373,1,Yes,2.001,2.001,6.065,1,Yes,7.611,7.611,8.869,1,Yes,5.973,5.973,6.997,1,Yes,7.881,7.881,8.898,1,Moderately happy,,,,,,,,,,,,,,,,,,,,,,,,,,,,,,,,,,,,,136109,F,N,1,0,,Ms,.127708,85,,,noask,,,0,10,0,0,0
2017-05-08 22:32:15,2017-05-08 22:34:03,IP Address,100,108,True,2017-05-08 22:34:04,R_3vHPz6kJq8L39m1,email,Yes,,,,,4.833,6.181,6.208,3,Yes,2.841,4.955,6.359,3,Yes,4.644,4.655,5.816,2,Yes,6.362,7.509,9.988,3,Yes,8.217,8.235,9.762,2,Neither happy nor unhappy,,,,,,,,,,,10.967,29.934,33.563,6,0,,,,,,,,,,,,,,,,,,,,,,132598,F,N,1,0,,Ms,.0454567,40,,,international_happyafter,0,,0,10,0,0,0
2017-05-09 10:58:58,2017-05-09 11:00:56,IP Address,100,118,True,2017-05-09 11:00:57,R_3fd5YIJTkcpHNCU,email,No,,,,,3.647,3.647,6.482,1,Yes,4.143,4.143,6.308,1,Yes,6.741,6.741,8.297,1,Yes,7.37,7.37,8.606,1,Yes,8.312,8.312,9.793,1,Slightly happy,,,,,,,,,,,,,,,,19.375,44.012,47.404,4,10,,,,,,,,,,,,,,,,,128163,M,N,3,0,,Mr,.0226705,21,,,domestic_happyafter,,10,10,0,2.5,0,2.5
2017-05-09 16:44:25,2017-05-09 16:45:51,IP Address,100,85,True,2017-05-09 16:45:51,R_12RrTRnznKlZRIJ,email,Yes,,,,,5.091,5.102,5.727,2,Yes,4.507,4.517,5.544,2,Yes,4.392,4.408,5.532,2,Yes,12.197,15.881,16.462,3,Yes,7.988,9.032,11.679,3,Slightly happy,8.904,12.644,14.871,4,0,,,,,,,,,,,,,,,,,,,,,,,,,,,,,,,,143459,M,Y,4,0,,Mr,.0459604,19,,,,0,,0,10,0,0,0
2017-05-09 16:58:31,2017-05-09 17:00:01,IP Address,100,89,True,2017-05-09 17:00:02,R_1DMajVLbPeYXuU9,email,No,,,,,3.416,3.427,5.867,2,Yes,2.704,2.716,5.725,2,Yes,2.682,2.69,6.423,2,Yes,4.386,4.391,5.717,2,No,8.97,8.98,10.604,2,Moderately happy,,,,,,4.949,28.84,30.005,16,0,,,,,,,,,,,,,,,,,,,,,,,,,,,127571,F,Y,2,0,,Ms,.1912592,141,,,domestic_happyfirst,,0,0,10,0,0,0
2017-05-08 23:38:44,2017-05-08 23:39:01,IP Address,28,16,False,2017-05-09 23:39:23,R_1OMFaiYbHph0wQ7,email,No,,,,,,,,,,,,,,,,,,,,,,,,,,,,,,,,,,,,,,,,,,,,,,,,,,,,,,,,,,,,,,,,,,126078,M,Y,4,0,,Mr,.0429306,18,,,,,,,,,,
2017-05-09 13:46:59,2017-05-09 13:50:20,IP Address,26,200,False,2017-05-10 13:47:02,R_2ckCkAXja7QT76U,email,Yes,,,,,4.052,4.052,6.356,1,Yes,2.031,2.031,6.207,1,Yes,8.134,8.134,9.141,1,No,4.616,4.616,5.696,1,Yes,5.761,5.761,6.354,1,Moderately happy,,,,,,,,,,,38.132,38.132,40.22,1,0,,,,,,,,,,,,,,,,,,,,,,145608,F,N,1,0,,Ms,.0772241,61,,,international_happyafter,0,,0,10,0,0,0
2017-05-10 14:04:43,2017-05-10 14:06:43,IP Address,100,120,True,2017-05-10 14:06:45,R_3dJO5M7BExskhse,email,Yes,0,0,2.656,0,2.878,2.889,5.967,2,Yes,3.292,3.302,5.721,2,Yes,10.834,10.847,11.573,2,Yes,31.082,31.091,32.05,2,Yes,2.672,7.912,9.729,3,Extremely happy,,,,,,,,,,,,,,,,,,,,,,,,,,,,,,,,,,,,,124903,F,Y,2,0,,Mrs,.0310357,27,,,noask,,,0,10,0,0,0
2017-05-10 15:06:36,2017-05-10 15:07:41,IP Address,100,65,True,2017-05-10 15:07:42,R_1mwqneC9t7HMBwc,email,Yes,,,,,3.29,3.29,6.386,1,No,2.011,2.011,6.25,1,No,2.826,2.826,6.825,1,No,2.623,2.623,6.327,1,Yes,2.629,2.629,6.595,1,Slightly happy,,,,,,,,,,,,,,,,,,,,,0,0,2.078,0,,,,,,,,,,,,,137588,F,Y,2,1,,Ms,.2281818,163,,,noask,,,0,10,0,0,0
2017-05-10 15:10:05,2017-05-10 15:11:34,IP Address,100,88,True,2017-05-10 15:11:35,R_2ziofU3TSdLVHup,email,Yes,,,,,4.065,4.075,6.065,2,Yes,3.03,3.045,5.896,2,Yes,4.15,4.162,5.935,2,Yes,6.98,6.991,7.88,2,Yes,11.06,15.478,16.866,3,Extremely happy,,,,,,,,,,,,,,,,2.5,17.194,20.312,11,0,,,,,,,,,,,,,,,,,126385,F,Y,2,1,,Miss,.3063806,235,,,domestic_happyafter,,0,0,10,0,0,0
2017-05-10 15:12:43,2017-05-10 15:14:11,IP Address,100,87,True,2017-05-10 15:14:12,R_1dcuCrkBLq0SHDr,email,Yes,,,,,4.34,4.34,5.947,1,Yes,4.39,4.39,5.514,1,Yes,4.299,4.299,5.632,1,Yes,9.572,9.572,10.345,1,Yes,5.532,5.532,6.288,1,Extremely happy,,,,,,28.232,28.232,30.58,1,0,,,,,,,,,,,,,,,,,,,,,,,,,,,127482,F,Y,2,1,,Miss,.3925969,307,,,domestic_happyfirst,,0,0,10,0,0,0
2017-05-10 15:12:53,2017-05-10 15:14:55,IP Address,100,121,True,2017-05-10 15:14:56,R_2A0t5bimhfdsXVZ,email,Yes,,,,,17.916,19.857,19.899,3,No,2.88,2.892,6.013,2,Yes,3.353,3.363,5.785,2,No,3.435,3.444,5.93,2,Yes,5.856,5.871,7.334,2,Extremely happy,,,,,,2.414,38.283,40.359,22,1,,,,,,,,,,,,,,,,,,,,,,,,,,,130765,F,N,1,1,,Ms,.2971267,227,,,domestic_happyfirst,,1,1,9,0.25,0,0.25
2017-05-10 15:15:57,2017-05-10 15:19:07,IP Address,100,190,True,2017-05-10 15:19:09,R_ewYvIr48U4vEzU5,email,Yes,0,0,44.165,0,10.963,10.963,13.184,1,No,5.964,5.964,7.745,1,No,5.348,5.348,10.391,1,No,13.345,13.345,15.056,1,Yes,9.496,9.496,12.222,1,Neither happy nor unhappy,,,,,,,,,,,,,,,,,,,,,,,,,,,,,,,,,,,,,140683,M,N,3,1,,Mr,.3450855,247,,,noask,,,0,10,0,0,0
2017-05-10 15:22:39,2017-05-10 15:23:51,IP Address,100,72,True,2017-05-10 15:23:52,R_Z9JoU9Dt8kWeunn,email,Yes,,,,,3.95,3.95,6.073,1,No,3.143,3.143,6.003,1,No,4.463,4.463,5.865,1,No,6.071,6.071,7.19,1,Yes,3.21,3.21,6.009,1,Neither happy nor unhappy,,,,,,,,,,,,,,,,11.511,17.851,21.533,2,3,,,,,,,,,,,,,,,,,133195,F,N,1,1,,Miss,.2512025,190,,,domestic_happyafter,,3,3,7,0.75,0,0.75
2017-05-09 15:25:22,2017-05-09 15:26:57,IP Address,54,95,False,2017-05-10 15:25:36,R_1Kdy2Fc2poA5MM3,email,Yes,,,,,3.139,3.148,6.354,2,No,3.48,3.487,6.111,2,No,3.6,3.611,6.033,2,No,9.893,9.901,10.814,2,Yes,7.572,7.582,9.446,2,Neither happy nor unhappy,,,,,,,,,,,,,,,,6.744,22.033,25.802,8,0,,,,,,,,,,,,,,,,,136278,M,Y,4,0,,Mr,.1486401,57,,,domestic_happyafter,,0,0,10,0,0,0
2017-05-10 15:37:02,2017-05-10 15:38:13,IP Address,100,71,True,2017-05-10 15:38:14,R_2ZHSp9OterdmfkF,email,Yes,,,,,3.083,4.651,5.782,3,Yes,1.764,5.016,6.104,3,Yes,2.119,2.134,5.673,2,No,2.705,5.671,6.353,4,Yes,1.807,4.552,6.142,3,Slightly happy,2.97,7.612,10.249,5,0,,,,,,,,,,,,,,,,,,,,,,,,,,,,,,,,129577,F,N,1,1,,Ms,.2198343,164,,,,0,,0,10,0,0,0
2017-05-10 15:55:11,2017-05-10 15:56:22,IP Address,100,71,True,2017-05-10 15:56:23,R_25HhLrFiqqK2REm,email,Yes,,,,,2.327,5.592,6.12,4,Yes,2.94,2.952,5.867,2,Yes,2.687,2.702,5.985,2,Yes,6.19,6.2,6.96,2,Yes,3.309,5.465,6.72,3,Extremely unhappy,,,,,,,,,,,7.563,15.399,17.391,6,0,,,,,,,,,,,,,,,,,,,,,,138130,M,Y,4,1,,Mr,.2289964,89,,,international_happyafter,0,,0,10,0,0,0
2017-05-10 16:06:26,2017-05-10 16:07:37,IP Address,100,70,True,2017-05-10 16:07:38,R_3D2AxdQ8iH074lV,email,Yes,0,0,2.462,0,5.265,5.277,6.498,2,Yes,3.555,3.57,5.901,2,Yes,6.142,6.16,7.087,2,Yes,9.327,9.343,10.25,2,Yes,3.689,10.775,13.031,4,Slightly happy,,,,,,,,,,,,,,,,,,,,,,,,,,,,,,,,,,,,,124141,F,Y,2,1,,Miss,.2402527,170,,,noask,,,0,10,0,0,0
2017-05-10 16:27:38,2017-05-10 16:29:23,IP Address,100,105,True,2017-05-10 16:29:27,R_3KuBgyEEAPFTZHL,email,Yes,,,,,3.572,3.602,5.835,2,Yes,2.864,2.884,5.807,2,Yes,4.454,6.76,8.568,4,Yes,8.725,9.444,10.282,3,Yes,5.071,7.52,12.349,3,Moderately happy,9.462,20.158,23.319,7,0,,,,,,,,,,,,,,,,,,,,,,,,,,,,,,,,138709,M,Y,4,1,,Mr,.2070536,83,,,,0,,0,10,0,0,0
2017-05-10 16:37:09,2017-05-10 16:38:27,IP Address,100,78,True,2017-05-10 16:38:28,R_1jPQnn0fNUy9Q54,email,Yes,0,0,2.041,0,4.638,4.653,6.18,2,Yes,2.154,2.167,5.981,2,Yes,6.823,6.833,7.787,2,No,8.208,9.964,11.017,3,No,8.126,8.162,8.949,2,Moderately happy,,,,,,,,,,,,,,,,,,,,,,,,,,,,,,,,,,,,,147837,F,N,1,1,,Miss,.2365712,177,,,noask,,,0,10,0,0,0
2017-05-10 16:47:23,2017-05-10 16:53:27,IP Address,100,364,True,2017-05-10 16:53:28,R_3iRygB43VsjwWF9,email,Yes,,,,,3.191,3.2,5.89,2,Yes,2.477,2.487,5.809,2,Yes,2.767,3.128,5.977,2,No,0.361,3.67,5.621,3,No,2.449,6.732,7.361,8,Moderately unhappy,,,,,,,,,,,3.86,15.912,18.592,11,0,,,,,,,,,,,,,,,,,,,,,,131986,F,Y,2,1,,Miss,.2849346,217,,,international_happyafter,0,,0,10,0,0,0
2017-05-10 16:57:42,2017-05-10 16:58:56,IP Address,100,74,True,2017-05-10 16:58:58,R_10SJK1ndVUfaUmL,email,Yes,,,,,2.799,5.306,6.248,3,Yes,1.77,5.545,6.397,3,Yes,1.886,1.896,5.818,2,No,1.963,2.745,9.986,3,Yes,7.949,10.652,13.059,4,Moderately happy,3.997,13.123,16.335,7,1,,,,,,,,,,,,,,,,,,,,,,,,,,,,,,,,147124,F,N,1,1,,Ms,.189292,142,,,,1,,1,9,0,0.25,0.25
2017-05-10 17:11:19,2017-05-10 17:12:59,IP Address,100,99,True,2017-05-10 17:13:01,R_1DGXzU5vtlA3r1j,email,Yes,,,,,6.164,6.164,10.072,1,No,5.04,5.04,6.048,1,Yes,2.36,2.36,7.18,1,No,4.772,4.772,6.319,1,Yes,5.191,5.191,6.088,1,Moderately happy,,,,,,,,,,,,,,,,25.26,25.26,28.913,1,1,,,,,,,,,,,,,,,,,141824,M,Y,4,1,,Mr,.2955021,117,,,domestic_happyafter,,1,1,9,0.25,0,0.25
2017-05-10 19:25:11,2017-05-10 19:26:32,IP Address,100,80,True,2017-05-10 19:26:33,R_1rCCl4ZPzJ6Hr0X,email,Yes,,,,,6.97,6.988,7.859,2,Yes,4.912,4.929,6.046,2,Yes,6.366,6.382,7.433,2,Yes,9.805,9.822,10.726,2,Yes,8.432,8.45,11.006,2,Moderately unhappy,,,,,,,,,,,,,,,,,,,,,0,0,3.097,0,,,,,,,,,,,,,126192,M,Y,4,1,,Mr,.2497693,99,,,noask,,,0,10,0,0,0
2017-05-10 21:19:09,2017-05-10 21:20:31,IP Address,100,82,True,2017-05-10 21:20:36,R_1I4OZI7shKysTsl,email,Yes,0,0,2.221,0,4.416,4.432,6.024,2,Yes,3.02,3.038,5.691,2,Yes,3.831,3.851,5.685,2,Yes,8.552,8.565,9.14,2,No,3.208,8.97,9.789,11,Slightly happy,,,,,,,,,,,,,,,,,,,,,,,,,,,,,,,,,,,,,125560,M,N,3,1,,Mr,.3655892,257,,,noask,,,0,10,0,0,0
2017-05-10 21:32:45,2017-05-10 21:35:11,IP Address,100,146,True,2017-05-10 21:35:12,R_zS9K5F0PjJuFpQt,email,Yes,,,,,6.481,6.509,7.485,2,Yes,4.694,4.712,7.206,2,Yes,4.038,4.052,5.801,2,No,2.317,12.034,12.698,3,Yes,3.316,6.961,8.462,3,Moderately happy,,,,,,2.129,72.389,75.146,19,0,,,,,,,,,,,,,,,,,,,,,,,,,,,148112,F,Y,2,1,,Ms,.3788958,301,,,domestic_happyfirst,,0,0,10,0,0,0
2017-05-10 21:41:16,2017-05-10 21:42:17,IP Address,100,61,True,2017-05-10 21:42:18,R_2dYcTSx3S4OO2OI,email,Yes,0,0,1.927,0,2.069,2.069,7.995,1,Yes,2.219,2.219,7.005,1,Yes,4.284,4.284,6.327,1,Yes,4.654,4.654,9.331,1,No,6.127,6.127,7.285,1,Slightly happy,,,,,,,,,,,,,,,,,,,,,,,,,,,,,,,,,,,,,147486,F,Y,2,1,,Ms,.3173154,246,,,noask,,,0,10,0,0,0
2017-05-09 22:29:26,2017-05-09 22:30:51,IP Address,54,84,False,2017-05-10 22:29:27,R_3fSNipcrdSoGCS8,email,Yes,,,,,8.125,8.131,9.137,2,No,1.911,5.037,6.185,4,No,2.411,8.238,9.367,11,No,2.652,5.226,6.352,6,No,5.57,14.764,17.682,4,Slightly happy,,,,,,,,,,,,,,,,,,,,,0,0,1.672,0,,,,,,,,,,,,,134569,M,Y,4,0,,Mr,.1114814,40,,,noask,,,0,10,0,0,0
2017-05-11 00:07:10,2017-05-11 00:09:18,IP Address,100,128,True,2017-05-11 00:09:19,R_2bkm96gRlhAblyV,email,Yes,,,,,5.394,5.394,7.068,1,Yes,2.717,2.717,6.58,1,Yes,6.702,6.702,7.858,1,No,4.17,4.17,5.534,1,No,8.547,8.547,9.749,1,Moderately happy,4.338,50.058,52.478,3,1,,,,,,,,,,,,,,,,,,,,,,,,,,,,,,,,126969,F,Y,2,1,,Miss,.2922981,221,,,,1,,1,9,0,0.25,0.25
2017-05-10 15:03:49,2017-05-10 15:07:43,IP Address,54,234,False,2017-05-11 15:03:54,R_1LwgTUWDHuhDS4n,email,Yes,,,,,2.3,2.3,6.263,1,Yes,2.482,2.482,6.102,1,Yes,2.906,2.906,5.903,1,Yes,3.846,3.846,5.947,1,Yes,6.414,6.414,7.147,1,Moderately happy,,,,,,,,,,,7.285,7.285,9.817,1,0,,,,,,,,,,,,,,,,,,,,,,128623,F,Y,2,1,,Miss,.3930804,309,,,international_happyafter,0,,0,10,0,0,0
2017-05-10 15:31:36,2017-05-10 18:32:30,IP Address,22,10853,False,2017-05-11 15:32:10,R_3EF5qTfrisfcjya,email,No,,,,,,,,,,,,,,,,,,,,,,,,,,,,,,,,,,,,,,,,,,,,,,,,,,,,,,,,,,,,,,,,,,144898,M,N,3,1,,Mr,.2253018,171,,,,,,,,,,
2017-05-10 18:10:48,2017-05-10 18:11:20,IP Address,1,31,False,2017-05-11 18:22:03,R_Y9YJL2xHt83x11D,email,No,,,,,,,,,,,,,,,,,,,,,,,,,,,,,,,,,,,,,,,,,,,,,,,,,,,,,,,,,,,,,,,,,,146918,M,N,3,1,,Mr,.3779728,268,,,,,,,,,,
2017-05-11 11:56:36,2017-05-11 11:57:38,IP Address,1,62,False,2017-05-12 11:56:38,R_bmyCw47LY1DlHah,email,No,,,,,,,,,,,,,,,,,,,,,,,,,,,,,,,,,,,,,,,,,,,,,,,,,,,,,,,,,,,,,,,,,,143731,F,N,1,1,,Ms,.2774416,213,,,,,,,,,,
2017-05-11 12:57:44,2017-05-11 12:59:31,IP Address,50,106,False,2017-05-12 12:58:25,R_2xQRRhML8aOfX6V,email,No,,,,,,,,,,,,,,,,,,,,,,,,,,,,,,,,,,,,,,,,,,,,,,,,,,,,,,,,,,,,,,,,,,145702,F,Y,2,1,,Mrs,.3449724,267,,,,,,,,,,
2017-05-12 15:02:26,2017-05-12 15:07:46,IP Address,100,319,True,2017-05-12 15:07:47,R_Q68B9e9bpRX8dTX,email,Yes,,,,,1.45,5.001,5.9,4,Yes,4.188,4.2,5.991,2,Yes,3.093,3.104,5.692,2,Yes,3.918,3.928,5.716,2,Yes,17.337,19.652,22.179,3,Slightly happy,,,,,,20.189,223.018,225.213,17,0,,,,,,,,,,,,,,,,,,,,,,,,,,,141166,F,N,1,2,,Ms,.4242567,304,,,domestic_happyfirst,,0,0,10,0,0,0
2017-05-12 15:06:43,2017-05-12 15:08:08,IP Address,100,85,True,2017-05-12 15:08:09,R_2EE12ZhTDCraeiK,email,Yes,,,,,2.349,4.024,6.091,3,Yes,2.873,2.9,5.766,2,Yes,2.904,4.636,6.031,3,Yes,7.966,8.7,9.764,3,Yes,2.079,6.919,8.681,3,Slightly happy,,,,,,1.846,18.521,22,10,0,,,,,,,,,,,,,,,,,,,,,,,,,,,125382,F,Y,2,2,,Ms,.4841744,387,,,domestic_happyfirst,,0,0,10,0,0,0
2017-05-12 15:11:04,2017-05-12 15:12:01,IP Address,100,56,True,2017-05-12 15:12:02,R_31MDPkfNxy9hnfs,email,Yes,0,0,1.706,0,4.572,5.964,7.2,2,Yes,2.188,2.188,6.192,1,Yes,6.063,6.063,7.796,1,Yes,7.563,7.563,8.583,1,Yes,5.067,5.067,6.352,1,Extremely happy,,,,,,,,,,,,,,,,,,,,,,,,,,,,,,,,,,,,,126221,F,N,1,2,,Ms,.4558725,332,,,noask,,,0,10,0,0,0
2017-05-12 15:13:36,2017-05-12 15:14:50,IP Address,100,74,True,2017-05-12 15:14:51,R_3lxeS9k9c5kXnOZ,email,Yes,2.336,2.336,3.357,1,3.32,7.469,8.487,5,No,1.43,1.447,5.975,2,Yes,4.216,4.228,6.039,2,Yes,4.85,4.863,5.86,2,Yes,2.139,4.803,6.951,3,Slightly happy,,,,,,,,,,,,,,,,,,,,,,,,,,,,,,,,,,,,,133591,F,Y,2,2,,Ms,.4299272,344,,,noask,,,0,10,0,0,0
2017-05-12 15:22:49,2017-05-12 15:24:13,IP Address,100,83,True,2017-05-12 15:24:14,R_1M0unm6HSsS8A3r,email,Yes,,,,,1.958,4.353,6.004,3,Yes,1.666,1.674,5.83,2,Yes,1.861,1.867,6.052,2,Yes,1.749,1.757,5.972,2,Yes,2.235,4.934,5.823,3,Moderately happy,,,,,,,,,,,,,,,,2.942,15.152,21.42,6,10,,,,,,,,,,,,,,,,,126845,F,N,1,2,,Ms,.3913242,285,,,domestic_happyafter,,10,10,0,2.5,0,2.5
2017-05-12 15:24:41,2017-05-12 15:25:50,IP Address,100,69,True,2017-05-12 15:25:51,R_11Yfqw6x7YUxqm0,email,Yes,,,,,1.903,3.918,5.812,4,Yes,1.882,4.052,5.781,4,Yes,3.103,3.108,5.89,2,No,3.844,3.849,5.924,2,Yes,5.445,8.346,9.347,5,Extremely unhappy,,,,,,,,,,,4.511,10.999,13.371,8,0,,,,,,,,,,,,,,,,,,,,,,143315,M,Y,4,2,,Mr,.4770482,188,,,international_happyafter,0,,0,10,0,0,0
2017-05-12 15:31:02,2017-05-12 15:31:51,IP Address,100,48,True,2017-05-12 15:31:51,R_3hmzvg0HJP2oiEI,email,Yes,,,,,2.843,5.057,5.877,3,No,1.666,1.687,5.8,2,No,1.697,1.706,5.757,2,No,3.487,3.505,5.786,2,Yes,1.918,4.013,6.738,3,Moderately happy,,,,,,,,,,,,,,,,,,,,,0,0,1.553,0,,,,,,,,,,,,,143984,F,Y,2,2,,Ms,.4369688,348,,,noask,,,0,10,0,0,0
2017-05-12 15:30:46,2017-05-12 15:31:59,IP Address,100,73,True,2017-05-12 15:32:00,R_3fdH04UWQvJyZJG,email,Yes,,,,,3.366,3.379,5.99,2,No,2.133,4.034,5.782,3,No,3.227,4.225,5.75,3,No,11.425,11.437,12.245,2,Yes,3.612,5.879,7.167,3,Moderately happy,,,,,,,,,,,,,,,,,,,,,0,0,2.244,0,,,,,,,,,,,,,149224,F,Y,2,2,,Mrs,.5772626,474,,,noask,,,0,10,0,0,0
2017-05-12 15:27:22,2017-05-12 15:40:09,IP Address,100,767,True,2017-05-12 15:40:10,R_2fE9eYbY9CAoYSq,email,Yes,,,,,3.945,3.945,6.338,1,Yes,2.402,2.402,6.289,1,Yes,2.749,2.749,5.988,1,No,2.824,2.824,6.15,1,No,5.877,7.805,9.919,2,Extremely unhappy,,,,,,,,,,,28.634,37.28,38.679,2,0,,,,,,,,,,,,,,,,,,,,,,148598,F,N,1,2,,Mrs,.5412968,392,,,international_happyafter,0,,0,10,0,0,0
2017-05-12 15:42:30,2017-05-12 15:43:55,IP Address,100,84,True,2017-05-12 15:43:56,R_A4jpTlyshuX7GUx,email,Yes,,,,,4.162,4.184,6.205,2,No,2.2,2.214,5.905,2,Yes,7.282,7.303,8.185,2,No,2.636,2.652,6.021,2,No,4.194,4.217,5.97,2,Moderately happy,,,,,,7.348,28.762,35.556,7,0,,,,,,,,,,,,,,,,,,,,,,,,,,,131793,F,N,1,2,,Mrs,.5630071,410,,,domestic_happyfirst,,0,0,10,0,0,0
2017-05-12 15:33:34,2017-05-12 15:52:29,IP Address,100,1134,True,2017-05-12 15:52:30,R_yOzjzPaAhjUSHVD,email,No,,,,,8.342,8.342,10.804,1,Yes,4.42,4.42,6.877,1,Yes,4.971,5.013,7.273,2,No,7.121,7.121,9.08,1,No,1.025,9.555,10.888,2,Moderately happy,8.347,27.795,33.61,8,0,,,,,,,,,,,,,,,,,,,,,,,,,,,,,,,,133566,F,N,1,2,,Mrs,.4788828,351,,,international_happyfirst,0,,0,10,0,0,0
2017-05-11 16:26:47,2017-05-11 16:27:11,IP Address,28,24,False,2017-05-12 16:26:48,R_2e4MGdafKGOAYoG,email,No,,,,,,,,,,,,,,,,,,,,,,,,,,,,,,,,,,,,,,,,,,,,,,,,,,,,,,,,,,,,,,,,,,129359,F,Y,2,1,,Ms,.2440328,176,,,,,,,,,,
2017-05-12 18:26:00,2017-05-12 18:28:19,IP Address,100,139,True,2017-05-12 18:28:21,R_1gzKBC4LDGR2ATJ,email,Yes,0,0,3.138,0,4.084,4.084,6.33,1,Yes,3.62,3.62,6.081,1,Yes,10.849,10.849,12.058,1,Yes,10.475,10.475,11.59,1,Yes,20.104,20.104,21.734,1,Moderately happy,,,,,,,,,,,,,,,,,,,,,,,,,,,,,,,,,,,,,130329,F,N,1,1,,Ms,.2341867,174,,,noask,,,0,10,0,0,0
2017-05-12 19:24:29,2017-05-12 19:25:39,IP Address,100,69,True,2017-05-12 19:25:40,R_2fwYCkzmmmpGMj6,email,Yes,,,,,2.053,2.068,6.052,2,Yes,4.583,4.6,5.931,2,Yes,2.371,2.387,6.072,2,Yes,4.69,4.702,6.105,2,Yes,6.649,6.671,7.868,2,Slightly happy,,,,,,,,,,,,,,,,2.505,12.999,14.071,9,0,,,,,,,,,,,,,,,,,142070,F,N,1,2,,Ms,.5347462,388,,,domestic_happyafter,,0,0,10,0,0,0
2017-05-12 19:30:53,2017-05-12 19:32:44,IP Address,100,110,True,2017-05-12 19:32:45,R_1q52TKrOt74Rfc2,email,Yes,0,0,4.089,0,3.717,3.732,6.135,2,Yes,3.378,3.388,6.178,2,Yes,5.383,5.394,6.562,2,No,28.835,28.86,30.087,2,Yes,17.14,17.164,17.974,2,Moderately happy,,,,,,,,,,,,,,,,,,,,,,,,,,,,,,,,,,,,,125253,F,N,1,2,,Mrs,.4568421,335,,,noask,,,0,10,0,0,0
2017-05-12 19:50:49,2017-05-12 19:53:07,IP Address,100,138,True,2017-05-12 19:53:08,R_2P0AInrMyKgx3F9,email,Yes,,,,,4.78,4.78,6.787,1,No,3.392,3.392,6.357,1,Yes,3.635,3.635,5.841,1,No,7.18,7.18,8.474,1,Yes,7.707,7.707,8.953,1,Extremely happy,,,,,,,,,,,45.899,45.899,48.696,1,0,,,,,,,,,,,,,,,,,,,,,,145495,M,N,3,2,,Mr,.3966153,282,,,international_happyafter,0,,0,10,0,0,0
2017-05-12 20:22:03,2017-05-12 20:23:24,IP Address,100,80,True,2017-05-12 20:23:25,R_2uCK6Mgv1dIFMr2,email,Yes,,,,,3.315,3.315,6.236,1,Yes,3.162,3.162,5.775,1,Yes,3.775,3.775,5.8,1,Yes,7.66,7.66,9.205,1,Yes,6.461,6.461,7.499,1,Moderately happy,15.656,17.696,20.141,2,0,,,,,,,,,,,,,,,,,,,,,,,,,,,,,,,,127893,F,Y,2,2,,Ms,.4372562,349,,,international_happyfirst,0,,0,10,0,0,0
2017-05-12 21:40:34,2017-05-12 21:41:48,IP Address,100,74,True,2017-05-12 21:41:49,R_02qXxcc39btFuF3,email,Yes,,,,,2.218,5.835,6.804,4,Yes,6.019,6.377,7.329,2,Yes,3.066,5.782,5.817,3,No,1.722,2.953,5.823,3,Yes,1.635,4.952,6.077,3,Slightly happy,1.081,12.959,15.558,10,0,,,,,,,,,,,,,,,,,,,,,,,,,,,,,,,,130938,F,N,1,2,,Ms,.4156857,300,,,international_happyfirst,0,,0,10,0,0,0
2017-05-13 08:48:04,2017-05-13 08:49:19,IP Address,100,75,True,2017-05-13 08:49:20,R_2qxvQF9S3KcaWi2,email,Yes,0,0,3.182,0,5.622,5.622,7.439,1,No,7.084,7.084,8.584,1,No,5.972,5.972,7.498,1,No,8.074,8.074,9.818,1,No,9.012,9.012,10.57,1,Slightly unhappy,,,,,,,,,,,,,,,,,,,,,,,,,,,,,,,,,,,,,143697,F,N,1,2,,Miss,.4121564,297,,,noask,,,0,10,0,0,0
2017-05-13 10:58:04,2017-05-13 10:59:18,IP Address,100,73,True,2017-05-13 10:59:19,R_aXZObaOQ0F4hVbH,email,Yes,,,,,2.916,2.916,6.411,1,No,2.534,2.534,6.252,1,Yes,3.131,3.131,6.383,1,No,4.944,6.077,9.792,2,Yes,4.26,4.26,6.588,1,Slightly happy,,,,,,10.632,13.422,16.137,2,0,,,,,,,,,,,,,,,,,,,,,,,,,,,129384,F,Y,2,1,,Ms,.3701302,293,,,domestic_happyfirst,,0,0,10,0,0,0
2017-05-13 12:49:31,2017-05-13 12:52:03,IP Address,100,152,True,2017-05-13 12:52:04,R_2R32Z9j0ySKzzSH,email,Yes,0,0,3.491,0,17.476,17.476,20.013,1,Yes,9.423,9.423,12.335,1,Yes,7.068,7.068,11.418,1,No,11.166,11.166,13.927,1,Yes,9.971,9.971,11.848,1,Moderately happy,,,,,,,,,,,,,,,,,,,,,,,,,,,,,,,,,,,,,131095,F,N,1,2,,Miss,.5595678,407,,,noask,,,0,10,0,0,0
2017-05-12 15:07:18,2017-05-12 15:07:29,IP Address,50,10,False,2017-05-13 15:07:34,R_1K1HEQ64gyxkyk1,email,Yes,,,,,,,,,,,,,,,,,,,,,,,,,,,,,,,,,,,,,,,,,,,,,,,,,,,,,,,,,,,,,,,,,,124958,M,Y,4,2,,Mr,.4603267,184,,,,,,,,,,
2017-05-14 15:05:56,2017-05-14 15:07:44,IP Address,22,108,False,2017-05-15 15:06:43,R_323GdcPIvh9oAU5,email,No,,,,,,,,,,,,,,,,,,,,,,,,,,,,,,,,,,,,,,,,,,,,,,,,,,,,,,,,,,,,,,,,,,147773,M,N,3,2,,Mr,.4019733,285,,,,,,,,,,
2017-05-15 16:17:47,2017-05-15 16:19:28,IP Address,100,101,True,2017-05-15 16:19:29,R_2rVEXJFX3vqzPXj,email,Yes,,,,,6.262,6.723,7.736,2,No,3.066,5.302,6.138,2,Yes,4.317,4.317,5.729,1,No,5.435,5.435,7.005,1,Yes,4.8,4.8,5.718,1,Neither happy nor unhappy,,,,,,31.574,31.574,32.898,1,1,,,,,,,,,,,,,,,,,,,,,,,,,,,145871,M,N,3,3,,Mr,.7470816,532,,,domestic_happyfirst,,1,1,9,0.25,0,0.25
2017-05-15 16:17:31,2017-05-15 16:21:20,IP Address,100,228,True,2017-05-15 16:21:22,R_pPNhZAFlFUSVn2x,email,Yes,,,,,3.689,3.689,6.185,1,Yes,2.843,2.843,5.975,1,Yes,2.397,2.397,6.388,1,Yes,4.935,6.047,6.517,2,Yes,4.341,4.341,6.139,1,Moderately happy,12.107,12.107,17.427,1,0,,,,,,,,,,,,,,,,,,,,,,,,,,,,,,,,137751,F,N,1,3,,Mrs,.7846736,539,,,international_happyfirst,0,,0,10,0,0,0
2017-05-15 16:20:53,2017-05-15 16:21:44,IP Address,100,51,True,2017-05-15 16:21:45,R_eMdSScJmTmvFv8Z,email,Yes,0,0,1.458,0,2.908,2.923,5.951,2,Yes,1.838,1.855,5.727,2,Yes,2.74,3.872,5.923,4,Yes,4.211,4.224,5.551,2,Yes,4.051,5.882,7.402,4,Slightly unhappy,,,,,,,,,,,,,,,,,,,,,,,,,,,,,,,,,,,,,140698,F,N,1,3,,Ms,.7391928,518,,,noask,,,0,10,0,0,0
2017-05-15 16:21:24,2017-05-15 16:24:09,IP Address,100,164,True,2017-05-15 16:24:10,R_2EHuKkA9WhZc23g,email,Yes,,,,,3.343,3.359,6.39,2,No,3.639,3.655,6.043,2,Yes,3.83,3.845,6.001,2,No,5.257,5.269,6.592,2,Yes,2.594,5.861,8.065,3,Moderately happy,,,,,,,,,,,,,,,,11.772,37.54,55.563,9,0,,,,,,,,,,,,,,,,,142436,F,Y,2,3,,Ms,.6529666,539,,,domestic_happyafter,,0,0,10,0,0,0
2017-05-15 16:31:00,2017-05-15 16:32:14,IP Address,100,73,True,2017-05-15 16:32:15,R_1ou6qq2tmZC53DB,email,Yes,0,0,2.597,0,3.23,3.251,6.795,2,Yes,3.612,3.63,6.038,2,Yes,6.477,6.498,8.735,2,No,6.929,6.939,8.403,2,Yes,3.704,3.716,6.26,2,Extremely unhappy,,,,,,,,,,,,,,,,,,,,,,,,,,,,,,,,,,,,,137008,F,N,1,3,,Mrs,.6196188,449,,,noask,,,0,10,0,0,0
2017-05-15 16:56:20,2017-05-15 16:57:58,IP Address,100,98,True,2017-05-15 16:57:59,R_pE5fjNEBcRtmhFv,email,Yes,,,,,2.253,2.272,7.512,2,Yes,2.537,2.556,5.737,2,Yes,3.127,3.155,5.978,2,Yes,4.496,7.815,8.396,3,Yes,5.017,5.831,7.253,3,Slightly happy,,,,,,,,,,,,,,,,,,,,,0,0,2.762,0,,,,,,,,,,,,,128816,F,Y,2,3,,Mrs,.6485714,534,,,noask,,,0,10,0,0,0
2017-05-15 18:53:30,2017-05-15 18:55:04,IP Address,100,94,True,2017-05-15 18:55:05,R_3qm0ae43l5ixGQC,email,Yes,,,,,2.513,4.41,6.749,2,No,2.001,5.696,6.072,3,Yes,2.031,2.031,5.985,1,No,4.269,6.28,6.824,2,Yes,25.019,25.874,26.333,2,Moderately happy,,,,,,,,,,,,,,,,7.232,12.462,13.437,2,0,,,,,,,,,,,,,,,,,124527,M,N,3,3,,Mr,.7201546,511,,,domestic_happyafter,,0,0,10,0,0,0
2017-05-15 22:04:50,2017-05-15 22:06:43,IP Address,100,112,True,2017-05-15 22:06:43,R_SIYsYJmFbm98oh3,email,Yes,,,,,5.244,5.25,6.132,2,Yes,3.543,3.551,6.008,2,Yes,9.826,20.408,21.563,3,Yes,11.691,11.698,12.899,2,Yes,9.403,9.417,10.671,2,Moderately unhappy,,,,,,,,,,,1.971,13.941,17.857,5,0,,,,,,,,,,,,,,,,,,,,,,141879,F,Y,2,3,,Ms,.7712913,631,,,international_happyafter,0,,0,10,0,0,0
2017-05-15 22:37:24,2017-05-15 22:38:31,IP Address,100,67,True,2017-05-15 22:38:32,R_1Lor1dGy4hBKN7d,email,Yes,,,,,2.746,4.84,6.684,2,Yes,1.939,5.097,6.224,3,Yes,1.717,3.687,6.309,4,Yes,3.931,3.931,6.742,1,Yes,3.405,3.405,5.815,1,Moderately happy,,,,,,,,,,,,,,,,17.926,17.926,21.189,1,0,,,,,,,,,,,,,,,,,141913,F,Y,2,3,,Mrs,.7147833,587,,,domestic_happyafter,,0,0,10,0,0,0
2017-05-15 09:54:50,2017-05-15 10:54:13,IP Address,55,3563,False,2017-05-16 09:54:53,R_UxpOH8bJWEK5eXn,email,,,,,,,,,,,,,,,,,,,,,,,,,,,,,,,,,,,,,,,,,,,,,,,,,,,,,,,,,,,,,,,,,,,,,,,,,,,,,,,,,,,,,
2017-05-16 11:27:34,2017-05-16 11:30:50,IP Address,100,195,True,2017-05-16 11:30:51,R_2tJ1YAvurdy9orU,email,Yes,0,0,2.401,0,3.224,3.224,6.001,1,No,2.084,2.084,5.98,1,No,15.613,15.613,151.218,1,Yes,7.642,7.642,8.792,1,Yes,8.393,8.393,9.17,1,Neither happy nor unhappy,,,,,,,,,,,,,,,,,,,,,,,,,,,,,,,,,,,,,125822,F,Y,2,3,,Ms,.6860089,559,,,noask,,,0,10,0,0,0
2017-05-16 16:34:14,2017-05-16 16:36:06,IP Address,100,112,True,2017-05-16 16:36:09,R_0oEbdzneEky6C1b,email,Yes,,,,,14.541,14.55,15.262,2,No,2.359,2.368,5.986,2,Yes,6.381,6.391,7.207,2,Yes,9.715,9.723,10.723,2,Yes,2.928,5.562,7.593,3,Slightly happy,,,,,,,,,,,14.006,41.542,44.404,9,0,,,,,,,,,,,,,,,,,,,,,,148469,M,Y,4,3,,Mr,.5671615,228,,,international_happyafter,0,,0,10,0,0,0
2017-05-15 18:58:35,2017-05-15 18:59:04,IP Address,1,29,False,2017-05-16 18:58:36,R_sd0LFv0p31uN5w5,email,No,,,,,,,,,,,,,,,,,,,,,,,,,,,,,,,,,,,,,,,,,,,,,,,,,,,,,,,,,,,,,,,,,,142570,F,N,1,3,,Ms,.6393334,456,,,,,,,,,,
2017-05-17 10:25:35,2017-05-17 10:26:43,IP Address,100,68,True,2017-05-17 10:26:44,R_2fdDtZeJ6del12X,email,Yes,,,,,6.24,6.24,7.306,1,Yes,1.822,1.822,5.808,1,Yes,4.915,4.915,5.833,1,Yes,7.368,7.368,8.328,1,Yes,4.714,4.714,5.839,1,Neither happy nor unhappy,,,,,,13.497,13.497,15.775,1,0,,,,,,,,,,,,,,,,,,,,,,,,,,,128376,M,N,3,3,,Mr,.7005834,499,,,domestic_happyfirst,,0,0,10,0,0,0
2017-05-17 15:02:17,2017-05-17 15:04:12,IP Address,100,114,True,2017-05-17 15:04:13,R_afs5WLkJK3yQkRb,email,Yes,,,,,5.741,5.761,7.438,2,Yes,3.054,5.605,6.09,4,Yes,5.182,5.198,5.953,2,Yes,14.341,17.93,18.564,6,Yes,7.061,7.079,8.418,2,Slightly happy,,,,,,5.18,29.272,33.204,12,0,,,,,,,,,,,,,,,,,,,,,,,,,,,132454,F,Y,2,4,,Mrs,.9533561,764,,,domestic_happyfirst,,0,0,10,0,0,0
2017-05-17 15:04:13,2017-05-17 15:05:54,IP Address,100,100,True,2017-05-17 15:05:57,R_2bHkXvpK31PEWet,email,Yes,0,0,2.115,0,40.805,40.805,41.597,1,Yes,3.354,3.354,5.903,1,Yes,4.888,4.888,5.684,1,Yes,7.55,7.55,8.517,1,Yes,4.12,4.12,6.105,1,Extremely happy,,,,,,,,,,,,,,,,,,,,,,,,,,,,,,,,,,,,,140465,F,Y,2,4,,Mrs,.8253857,665,,,noask,,,0,10,0,0,0
2017-05-17 15:05:24,2017-05-17 15:06:30,IP Address,100,66,True,2017-05-17 15:06:31,R_DhN018e8HHujFJv,email,Yes,,,,,3.603,5.306,5.966,3,No,2.039,4.934,5.678,5,Yes,3.122,4.618,5.556,6,No,3.18,4.642,5.55,5,No,3.677,8.531,9.717,3,Moderately unhappy,1.041,14.886,17.271,19,0,,,,,,,,,,,,,,,,,,,,,,,,,,,,,,,,125411,F,Y,2,4,,Ms,.9717187,778,,,international_happyfirst,0,,0,10,0,0,0
2017-05-17 15:16:48,2017-05-17 15:19:02,IP Address,100,134,True,2017-05-17 15:19:03,R_1hANb8IC06gjOE2,email,Yes,,,,,4.098,4.098,6.421,1,Yes,3.027,3.027,6.71,1,Yes,8.117,8.117,9.752,1,No,5.725,5.725,6.951,1,Yes,11.773,11.773,12.876,1,Moderately happy,,,,,,,,,,,47.959,61.523,68.521,2,2,,,,,,,,,,,,,,,,,,,,,,145975,F,N,1,4,,Ms,.8381479,578,,,international_happyafter,2,,2,8,0,0.5,0.5
2017-05-17 15:27:22,2017-05-17 15:28:20,IP Address,100,57,True,2017-05-17 15:28:21,R_yw46MmjgGu6wtMt,email,Yes,0,0,1.835,0,4.34,4.348,6.289,2,No,2.16,2.168,5.815,2,Yes,2.309,2.317,5.776,2,No,2.824,5.828,5.857,3,No,2.918,6.903,7.87,7,Extremely happy,,,,,,,,,,,,,,,,,,,,,,,,,,,,,,,,,,,,,144521,M,Y,4,4,,Mr,.8246703,313,,,noask,,,0,10,0,0,0
2017-05-17 15:38:46,2017-05-17 15:41:11,IP Address,100,144,True,2017-05-17 15:41:12,R_3HXQcJRmq1fSacE,email,Yes,,,,,9.588,9.594,13.741,2,No,5.867,5.873,6.934,2,Yes,4.975,4.988,5.731,2,No,16.788,16.793,19.052,2,Yes,3.591,12.769,16.773,3,Moderately happy,,,,,,,,,,,13.113,37.824,40.336,7,0,,,,,,,,,,,,,,,,,,,,,,136154,M,Y,4,4,,Mr,.9905929,368,,,international_happyafter,0,,0,10,0,0,0
2017-05-17 15:42:45,2017-05-17 15:43:45,IP Address,100,60,True,2017-05-17 15:43:46,R_1q3XugyuVR1pdA4,email,Yes,0,0,2.154,0,4.716,4.726,5.952,2,Yes,2.374,5.334,5.358,4,Yes,3.034,3.04,5.819,2,No,7.129,7.137,7.96,2,No,5.77,5.776,7.314,2,Slightly happy,,,,,,,,,,,,,,,,,,,,,,,,,,,,,,,,,,,,,148563,F,Y,2,4,,Mrs,.9945123,795,,,noask,,,0,10,0,0,0
2017-05-17 15:42:13,2017-05-17 15:45:01,IP Address,100,167,True,2017-05-17 15:45:02,R_6tzmCnQjUTjdzup,email,Yes,,,,,7.101,7.101,9.243,1,Yes,5.153,5.153,7.492,1,Yes,4.134,4.134,7.17,1,Yes,8.755,8.755,10.995,1,Yes,1.649,6.206,7.737,2,Moderately happy,,,,,,,,,,,6.62,43.679,47.766,3,1,,,,,,,,,,,,,,,,,,,,,,148845,M,N,3,4,,Mr,.8427536,602,,,international_happyafter,1,,1,9,0,0.25,0.25
2017-05-17 16:11:39,2017-05-17 16:13:15,IP Address,100,95,True,2017-05-17 16:13:16,R_27pTEArNGwlDQJi,email,Yes,,,,,2.451,2.46,6.155,2,Yes,1.62,1.628,7.433,2,Yes,2.385,2.392,5.983,2,Yes,5.894,5.904,7.083,2,Yes,6.913,10.109,23.305,3,Extremely happy,,,,,,,,,,,,,,,,4.752,9.954,13,7,0,,,,,,,,,,,,,,,,,138150,F,Y,2,4,,Mrs,.9245936,739,,,domestic_happyafter,,0,0,10,0,0,0
2017-05-17 17:23:45,2017-05-17 17:25:26,IP Address,100,101,True,2017-05-17 17:25:27,R_cvCoFx5dYylJzQ5,email,Yes,0,0,5.105,0,13.195,13.215,13.99,2,No,4.691,4.7,5.881,2,Yes,2.98,2.987,6.136,2,No,5.252,5.259,6.283,2,Yes,7.705,7.715,9.338,2,Moderately happy,,,,,,,,,,,,,,,,,,,,,,,,,,,,,,,,,,,,,140514,F,N,1,4,,Ms,.8677988,602,,,noask,,,0,10,0,0,0
2017-05-17 18:07:50,2017-05-17 18:09:56,IP Address,100,125,True,2017-05-17 18:09:57,R_1LUSynFaK5Pu2dT,email,Yes,,,,,4.647,4.663,5.775,2,Yes,2.184,2.201,5.92,2,Yes,3.646,5.345,6.205,3,No,6.837,9.324,10.054,3,Yes,2.967,7.731,9.591,3,Moderately happy,,,,,,3.963,62.949,65.776,19,1,,,,,,,,,,,,,,,,,,,,,,,,,,,148825,F,Y,2,4,,Ms,.9957827,797,,,domestic_happyfirst,,1,1,9,0.25,0,0.25
2017-05-17 18:25:10,2017-05-17 18:26:43,IP Address,100,93,True,2017-05-17 18:26:44,R_cUf4NTPjAeuYiKB,email,Yes,0,0,2.665,0,5.803,5.803,7.536,1,No,3.8,3.8,6.626,1,Yes,4.326,4.326,5.793,1,No,3.196,3.196,6.554,1,No,12.61,12.61,14.218,1,Neither happy nor unhappy,,,,,,,,,,,,,,,,,,,,,,,,,,,,,,,,,,,,,125228,F,N,1,4,,Ms,.9872451,681,,,noask,,,0,10,0,0,0
2017-05-17 18:57:22,2017-05-17 18:59:14,IP Address,100,112,True,2017-05-17 18:59:15,R_3EHaicsK0Uwot0j,email,No,,,,,6.088,8.862,8.9,4,Yes,3.184,7.436,7.475,3,Yes,5.489,5.498,8.006,2,Yes,5.46,5.468,8.622,2,Yes,8.37,8.382,9.208,2,Moderately happy,18.534,18.544,22.699,2,3,,,,,,,,,,,,,,,,,,,,,,,,,,,,,,,,144303,F,N,1,4,,Ms,.9863433,680,,,international_happyfirst,3,,3,7,0,0.75,0.75
2017-05-17 09:25:07,2017-05-17 09:27:51,IP Address,54,163,False,2017-05-18 09:25:11,R_3niT9txrxwYpRvZ,email,Yes,,,,,3.999,3.999,6.175,1,Yes,2.891,2.891,5.876,1,Yes,4.682,4.682,6.296,1,Yes,8.072,8.072,9.89,1,Yes,4.66,4.66,6.216,1,Moderately happy,35.234,35.234,38.288,1,5,,,,,,,,,,,,,,,,,,,,,,,,,,,,,,,,125748,F,Y,2,3,,Ms,.7543308,621,,,international_happyfirst,5,,5,5,0,1.25,1.25
2017-05-17 17:27:11,2017-05-17 17:28:02,IP Address,1,50,False,2017-05-18 17:27:21,R_RKLAv7e8bCHm09z,email,No,,,,,,,,,,,,,,,,,,,,,,,,,,,,,,,,,,,,,,,,,,,,,,,,,,,,,,,,,,,,,,,,,,141651,M,N,3,4,,Mr,.9298552,665,,,,,,,,,,
2017-05-17 17:29:49,2017-05-17 17:30:06,IP Address,28,16,False,2017-05-18 17:29:51,R_pbERFdibDlad79L,email,No,,,,,,,,,,,,,,,,,,,,,,,,,,,,,,,,,,,,,,,,,,,,,,,,,,,,,,,,,,,,,,,,,,125060,F,Y,2,4,,Ms,.9342305,749,,,,,,,,,,
2017-05-18 22:11:43,2017-05-18 22:35:25,IP Address,100,1421,True,2017-05-18 22:35:26,R_1n7RSVnieOb8nYH,email,No,,,,,12.141,12.161,14.447,2,Yes,2.374,2.39,6.054,2,Yes,4.587,4.604,6.257,2,No,10.517,10.53,11.888,2,Yes,14.519,22.668,23.503,6,Slightly unhappy,,,,,,,,,,,,,,,,,,,,,0,0,4.846,0,,,,,,,,,,,,,135324,F,Y,2,1,,Mrs,.2462985,179,,,noask,,,0,10,0,0,0
2017-05-18 09:19:23,2017-05-18 09:20:46,IP Address,1,83,False,2017-05-19 09:19:28,R_6iho6uzbHGVaNON,email,No,,,,,,,,,,,,,,,,,,,,,,,,,,,,,,,,,,,,,,,,,,,,,,,,,,,,,,,,,,,,,,,,,,133175,M,N,3,4,,Mr,.9543394,680,,,,,,,,,,
2017-05-19 15:08:55,2017-05-19 15:10:27,IP Address,100,92,True,2017-05-19 15:10:28,R_2CZXQ6mpeQ65nvN,email,Yes,,,,,2.997,8.653,9.613,5,No,2.345,2.345,6.069,1,No,2.256,2.256,6.06,1,No,2.477,2.477,5.895,1,Yes,3.092,3.092,5.818,1,Moderately happy,,,,,,30.331,30.331,32.668,1,0,,,,,,,,,,,,,,,,,,,,,,,,,,,,F,Y,2,2,137117,Ms,.514572,410,805,1,domestic_happyfirst,,0,0,10,0,0,0
2017-05-19 15:09:50,2017-05-19 15:11:03,IP Address,100,73,True,2017-05-19 15:11:04,R_3O994i2dSKZpWci,email,Yes,,,,,4.038,4.038,5.918,1,Yes,1.553,1.553,5.755,1,Yes,2.139,2.139,5.975,1,No,2.138,2.138,6.02,1,Yes,4.653,4.653,5.977,1,Neither happy nor unhappy,,,,,,,,,,,,,,,,20.071,20.071,21.854,1,5,,,,,,,,,,,,,,,,,,M,N,3,0,127284,Mr,.0804067,67,704,1,domestic_happyafter,,5,5,5,1.25,0,1.25
2017-05-19 15:23:27,2017-05-19 15:26:29,IP Address,100,182,True,2017-05-19 15:26:30,R_1DRWcRM6XCFaif0,email,Yes,,,,,2.656,5.186,5.93,3,No,1.552,1.566,5.6,2,Yes,1.536,1.547,5.803,2,No,3.388,3.397,5.704,2,Yes,2.979,2.991,5.694,2,Slightly unhappy,,,,,,4.96,13.971,15.882,7,0,,,,,,,,,,,,,,,,,,,,,,,,,,,,F,N,1,3,125515,Miss,.6960113,491,690,1,domestic_happyfirst,,0,0,10,0,0,0
2017-05-19 15:42:56,2017-05-19 15:44:25,IP Address,100,88,True,2017-05-19 15:44:26,R_T0gIFfVWlguXQC5,email,Yes,,,,,3.069,3.069,5.874,1,Yes,4.63,4.63,5.667,1,Yes,3.63,3.63,5.947,1,No,4.396,4.396,5.722,1,Yes,12.829,12.829,14.549,1,Moderately happy,23.033,23.033,26.529,1,0,,,,,,,,,,,,,,,,,,,,,,,,,,,,,,,,,M,Y,4,3,134772,Mr,.6923821,269,372,1,international_happyfirst,0,,0,10,0,0,0
2017-05-19 15:49:15,2017-05-19 15:56:56,IP Address,100,460,True,2017-05-19 15:56:56,R_1F3tvyDEVCcVCT2,email,No,,,,,4.659,4.673,6.022,2,Yes,2.345,2.356,5.913,2,Yes,3.527,3.538,5.837,2,No,4.934,4.942,5.879,2,Yes,5.554,5.564,6.954,2,Neither happy nor unhappy,,,,,,,,,,,,,,,,8.842,24.628,28.994,6,0,,,,,,,,,,,,,,,,,,F,Y,2,0,124418,Ms,.0197577,18,805,1,domestic_happyafter,,0,0,10,0,0,0
2017-05-19 16:01:17,2017-05-19 16:02:49,IP Address,100,92,True,2017-05-19 16:02:50,R_2wFAyqjgrR1N6U3,email,Yes,,,,,3.512,3.53,5.965,2,Yes,3.113,3.128,5.683,2,Yes,3.666,3.684,5.921,2,Yes,6.821,6.835,7.651,2,Yes,4.489,5.953,8.448,3,Moderately happy,,,,,,,,,,,,,,,,,,,,,0,0,3.032,0,,,,,,,,,,,,,,F,Y,2,2,141364,Miss,.5090375,406,805,1,noask,,,0,10,0,0,0
2017-05-19 16:34:43,2017-05-19 16:35:35,IP Address,100,51,True,2017-05-19 16:35:36,R_3RirkLwYz1iANwJ,email,Yes,0,0,2.3,0,4.353,4.376,5.767,2,Yes,2.74,2.752,5.796,2,Yes,5.1,5.117,5.801,2,Yes,5.557,6.49,7.057,3,Yes,3.584,6.467,7.036,4,Moderately happy,,,,,,,,,,,,,,,,,,,,,,,,,,,,,,,,,,,,,,M,N,3,0,127462,Mr,.0011326,1,704,1,noask,,,0,10,0,0,0
2017-05-19 16:05:45,2017-05-19 16:39:26,IP Address,100,2021,True,2017-05-19 16:39:27,R_XXsAOeUkfLOIu0V,email,Yes,,,,,2.764,2.764,6.276,1,No,6.344,6.344,7.758,1,Yes,2.681,2.681,5.839,1,No,4.386,4.386,6.842,1,Yes,8.168,8.168,8.992,1,Moderately happy,,,,,,,,,,,,,,,,1963.58,1972.484,1974.532,2,0,,,,,,,,,,,,,,,,,,M,N,3,4,148187,Mr,.8422652,601,704,1,domestic_happyafter,,0,0,10,0,0,0
2017-05-19 17:46:20,2017-05-19 17:47:42,IP Address,100,81,True,2017-05-19 17:47:42,R_3NQdmJy4UuF339n,email,Yes,,,,,3.632,3.653,6.258,2,Yes,2.279,2.288,5.907,2,Yes,8.817,8.832,9.762,2,Yes,5.502,5.515,6.487,2,No,3.99,4,5.869,2,Moderately unhappy,,,,,,,,,,,2.912,27.36,30.214,15,1,,,,,,,,,,,,,,,,,,,,,,,M,Y,4,3,133497,Mr,.6959445,271,372,1,international_happyafter,1,,1,9,0,0.25,0.25
2017-05-19 18:57:49,2017-05-19 18:58:45,IP Address,100,56,True,2017-05-19 18:58:46,R_25LPOIYNu3rhMaK,email,Yes,,,,,4.056,4.056,5.886,1,Yes,6.833,6.833,7.742,1,Yes,3.426,3.426,6.061,1,Yes,4.55,4.55,5.933,1,Yes,3.631,3.631,5.887,1,Extremely happy,,,,,,,,,,,,,,,,,,,,,0,0,1.399,0,,,,,,,,,,,,,,M,Y,4,0,129646,Mr,.1360068,51,372,1,noask,,,0,10,0,0,0
2017-05-19 19:45:10,2017-05-19 19:46:37,IP Address,100,86,True,2017-05-19 19:46:38,R_3G8JHDwKKTrdPtu,email,Yes,,,,,4.058,4.069,5.806,2,Yes,1.839,1.849,5.679,2,Yes,3.108,3.116,5.785,2,Yes,5.861,6.878,7.502,3,Yes,5.446,8.306,10.68,3,Moderately happy,6.69,15.593,15.63,7,0,,,,,,,,,,,,,,,,,,,,,,,,,,,,,,,,,F,Y,2,1,143880,Ms,.3258178,252,805,1,international_happyfirst,0,,0,10,0,0,0
2017-05-19 20:40:34,2017-05-19 20:43:20,IP Address,100,166,True,2017-05-19 20:43:22,R_Wp052UvnuIPiPyF,email,Yes,0,0,2.384,0,3.784,4.826,20.177,4,No,5.776,5.794,6.829,2,Yes,3.482,3.494,6.149,2,No,14.123,14.542,15.621,3,No,13.087,13.095,14.201,2,Neither happy nor unhappy,,,,,,,,,,,,,,,,,,,,,,,,,,,,,,,,,,,,,,M,N,3,2,140569,Mr,.4793161,346,704,1,noask,,,0,10,0,0,0
2017-05-19 21:05:26,2017-05-19 21:07:06,IP Address,100,100,True,2017-05-19 21:07:07,R_AGWDBWenB3Kha5X,email,Yes,,,,,2.753,2.753,7.661,1,Yes,2.063,2.063,6.035,1,Yes,6.225,6.225,8.118,1,Yes,4.661,4.661,6.804,1,Yes,5.465,5.465,7.828,1,Moderately happy,,,,,,19.555,24.115,31.824,2,0,,,,,,,,,,,,,,,,,,,,,,,,,,,,M,N,3,0,142689,Mr,.1708621,131,704,1,domestic_happyfirst,,0,0,10,0,0,0
2017-05-19 21:23:42,2017-05-19 21:33:07,IP Address,100,564,True,2017-05-19 21:33:08,R_1mREnlZo11yEhE5,email,No,,,,,4.032,4.055,5.772,2,Yes,3.288,3.308,5.644,2,Yes,2.571,2.591,5.609,2,No,3.67,3.685,8.336,2,No,5.431,10.788,11.563,6,Moderately happy,,,,,,,,,,,,,,,,,,,,,1.911,1.911,1.966,1,,,,,,,,,,,,,,F,Y,2,2,137622,Mrs,.5293725,424,805,1,noask,,,0,10,0,0,0
2017-05-19 21:37:06,2017-05-19 21:38:12,IP Address,100,65,True,2017-05-19 21:38:13,R_3WsZcuMC2BQVG1j,email,Yes,,,,,2.112,5.185,6.094,5,Yes,1.748,3.897,5.788,3,Yes,3.495,9.982,10.646,6,Yes,3.953,3.962,5.844,2,Yes,2.781,3.803,5.926,3,Neither happy nor unhappy,,,,,,3.613,7.4,10.357,6,0,,,,,,,,,,,,,,,,,,,,,,,,,,,,F,Y,2,4,146681,Miss,.9479879,757,805,1,domestic_happyfirst,,0,0,10,0,0,0
2017-05-19 20:46:46,2017-05-19 21:54:26,IP Address,100,4059,True,2017-05-19 21:54:26,R_3nCb0fgLwEBRIpa,email,No,,,,,6.202,6.22,8.198,2,No,7.93,7.94,8.703,2,Yes,3.685,3.693,5.908,2,No,14.161,14.17,14.884,2,No,7.007,7.014,8.55,2,Moderately happy,,,,,,,,,,,2.106,19.846,21.818,9,0,,,,,,,,,,,,,,,,,,,,,,,F,N,1,4,133739,Mrs,.9683622,664,690,1,international_happyafter,0,,0,10,0,0,0
2017-05-20 10:51:53,2017-05-20 10:53:17,IP Address,100,83,True,2017-05-20 10:53:18,R_2ydP0EPzATl9tCA,email,Yes,,,,,3.918,3.927,6.059,2,Yes,2.073,2.08,6.008,2,Yes,2.726,2.734,6.049,2,No,6.366,6.376,7.384,2,Yes,3.39,3.398,6.089,2,Slightly unhappy,,,,,,,,,,,,,,,,8.079,22.047,24.901,6,0,,,,,,,,,,,,,,,,,,F,Y,2,4,144769,Ms,.8399555,676,805,1,domestic_happyafter,,0,0,10,0,0,0
2017-05-19 15:07:08,2017-05-19 15:07:37,IP Address,1,28,False,2017-05-20 15:07:13,R_2ScvdciLcdiaLiN,email,No,,,,,,,,,,,,,,,,,,,,,,,,,,,,,,,,,,,,,,,,,,,,,,,,,,,,,,,,,,,,,,,,,,,F,N,1,3,137033,Ms,.6529605,463,690,1,,,,,,,,
2017-05-19 15:12:25,2017-05-19 15:12:38,IP Address,28,13,False,2017-05-20 15:12:47,R_1IsdOMBXHhicoRc,email,No,,,,,,,,,,,,,,,,,,,,,,,,,,,,,,,,,,,,,,,,,,,,,,,,,,,,,,,,,,,,,,,,,,,F,Y,2,2,124696,Mrs,.4836113,386,805,1,,,,,,,,
2017-05-19 15:20:23,2017-05-19 15:35:22,IP Address,26,898,False,2017-05-20 15:20:54,R_2rxBJMwvO53P0yv,email,No,,,,,4.083,4.083,6.495,1,No,4.725,4.725,6.78,1,Yes,3.596,3.596,6.11,1,No,5.821,5.821,7.786,1,No,8.03,11.865,13.532,2,Slightly unhappy,,,,,,,,,,,9.967,9.967,11.965,1,0,,,,,,,,,,,,,,,,,,,,,,,F,N,1,4,130790,Ms,.918574,633,690,1,international_happyafter,0,,0,10,0,0,0
2017-05-19 15:25:03,2017-05-19 15:27:53,IP Address,25,170,False,2017-05-20 15:25:09,R_tQgZXZeEF2ya5Lb,email,No,,,,,1.723,1.723,11.942,1,No,4.334,4.334,6.386,1,Yes,4.936,4.936,6.414,1,No,3.755,3.755,6.072,1,No,5.502,5.502,6.493,1,Moderately happy,,,,,,,,,,,,,,,,,,,,,,,,,,,,,,,,,,,,,,M,N,3,0,138234,Mr,.0219,19,704,1,,,,,,,,
2017-05-19 15:47:47,2017-05-19 15:49:55,IP Address,26,128,False,2017-05-20 15:48:02,R_bmtRzljf5ywXXIl,email,No,,,,,3.723,3.734,6.389,2,Yes,4.766,4.776,6.087,2,Yes,4.933,4.943,5.924,2,Yes,4.544,4.554,7.131,2,Yes,7.477,7.503,8.707,2,Extremely unhappy,,,,,,9.473,24.261,28.164,8,0,,,,,,,,,,,,,,,,,,,,,,,,,,,,F,N,1,3,145173,Miss,.7702982,532,690,1,domestic_happyfirst,,0,0,10,0,0,0
2017-05-20 19:37:39,2017-05-20 19:39:22,IP Address,100,103,True,2017-05-20 19:39:23,R_2y4yLRoLctPeBdz,email,No,,,,,3.957,3.968,6.15,2,Yes,2.575,2.583,5.864,2,No,2.719,2.725,5.849,2,No,2.974,2.981,6.241,2,No,7.542,7.555,9.188,2,Moderately happy,7.759,20.065,22.573,8,0,,,,,,,,,,,,,,,,,,,,,,,,,,,,,,,,,F,N,1,0,141002,Miss,.1371313,97,690,1,international_happyfirst,0,,0,10,0,0,0
2017-05-20 20:49:03,2017-05-20 20:50:39,IP Address,100,96,True,2017-05-20 20:50:40,R_24BgLXoDRMMvcmV,email,Yes,,,,,5.031,5.044,5.714,2,No,2.343,5.161,5.973,3,Yes,3.433,3.444,6.273,2,No,4.88,5.646,5.677,3,Yes,3.532,6.019,8.486,3,Moderately happy,,,,,,,,,,,6.158,39.023,43.946,16,0,,,,,,,,,,,,,,,,,,,,,,125471,M,Y,,3,,Mr,,,,,international_happyafter,0,,0,10,0,0,0
2017-05-20 20:49:27,2017-05-20 20:51:00,IP Address,100,93,True,2017-05-20 20:51:01,R_RtrcNV4KHc0tlaV,email,Yes,,,,,4.03,4.051,6.281,2,Yes,3.711,3.732,5.947,2,Yes,5.617,5.634,6.334,2,Yes,14.527,14.539,15.511,2,Yes,5.615,6.878,8.338,3,Extremely happy,,,,,,6.477,23.55,27.556,9,0,,,,,,,,,,,,,,,,,,,,,,,,,,,139653,M,Y,,1,,Mr,,,,,domestic_happyfirst,,0,0,10,0,0,0
2017-05-20 20:55:04,2017-05-20 20:57:06,IP Address,100,122,True,2017-05-20 20:57:07,R_22KUd5UXOFii6bp,email,Yes,,,,,2.754,2.761,6.064,2,No,2.617,2.622,5.939,2,Yes,12.755,22.208,23.167,4,No,15.518,15.528,16.97,2,Yes,3.313,12.392,13.612,6,Slightly unhappy,,,,,,,,,,,,,,,,8.312,20.888,23.821,7,10,,,,,,,,,,,,,,,,,147471,F,N,,4,,Miss,,,,,domestic_happyafter,,10,10,0,2.5,0,2.5
2017-05-20 21:20:43,2017-05-20 21:22:09,IP Address,100,85,True,2017-05-20 21:22:10,R_1kY0cu5na7mbc3N,email,Yes,,,,,5.992,5.992,8.306,1,No,2.915,2.915,6.66,1,Yes,4.594,4.594,6.605,1,Yes,7.247,7.247,9.136,1,Yes,4.549,4.549,6.794,1,Slightly happy,,,,,,,,,,,16.68,16.68,19.722,1,0,,,,,,,,,,,,,,,,,,,,,,125788,F,N,,1,,Miss,,,,,international_happyafter,0,,0,10,0,0,0
2017-05-20 21:35:38,2017-05-20 21:37:43,IP Address,100,124,True,2017-05-20 21:37:44,R_1jv3ZRXJPEqd2Qz,email,Yes,,,,,4.981,5.003,5.837,2,Yes,2.476,2.494,5.979,2,No,5.18,5.196,5.913,2,Yes,5.978,7.82,7.865,3,Yes,10.709,10.726,11.998,2,Slightly happy,,,,,,,,,,,,,,,,9.664,40.464,50.13,14,10,,,,,,,,,,,,,,,,,131679,F,Y,,4,,Mrs,,,,,domestic_happyafter,,10,10,0,2.5,0,2.5
2017-05-20 22:29:17,2017-05-20 22:33:28,IP Address,100,250,True,2017-05-20 22:33:28,R_yPhv8WrJrnyxEtP,email,Yes,,,,,6.767,6.783,7.818,2,Yes,3.24,3.258,5.977,2,Yes,9.881,9.893,10.998,2,Yes,6.92,6.939,7.882,2,Yes,3.28,23.034,24.432,3,Slightly happy,3.792,115.443,127.945,29,10,,,,,,,,,,,,,,,,,,,,,,,,,,,,,,,,130205,M,N,,1,,Mr,,,,,international_happyfirst,10,,10,0,0,2.5,2.5
2017-05-19 22:50:19,2017-05-19 22:50:28,IP Address,1,9,False,2017-05-20 22:50:22,R_V4nkze8j4EtkJAR,email,No,,,,,,,,,,,,,,,,,,,,,,,,,,,,,,,,,,,,,,,,,,,,,,,,,,,,,,,,,,,,,,,,,,133353,F,N,1,2,,Ms,.5152327,377,,,,,,,,,,
2017-05-20 23:20:24,2017-05-20 23:21:27,IP Address,100,62,True,2017-05-20 23:21:28,R_3yLAqFDUmV6xMo9,email,Yes,0,0,1.86,0,3.32,3.32,6.332,1,Yes,3.641,3.641,6.112,1,Yes,5.67,5.67,6.818,1,No,8.788,8.788,9.732,1,No,9.978,9.978,11.488,1,Slightly unhappy,,,,,,,,,,,,,,,,,,,,,,,,,,,,,,,,,,,,,144556,F,Y,,2,,Ms,,,,,noask,,,0,10,0,0,0
2017-05-20 23:50:40,2017-05-20 23:52:42,IP Address,100,121,True,2017-05-20 23:52:42,R_1rAM0eh8c4BGTP0,email,Yes,,,,,2.778,2.79,6.269,2,Yes,2.937,2.955,5.879,2,Yes,5.764,5.782,6.885,2,Yes,7.687,7.705,8.573,2,Yes,5.384,5.395,6.245,2,Moderately happy,8.782,66.186,67.363,12,2,,,,,,,,,,,,,,,,,,,,,,,,,,,,,,,,140247,M,Y,,0,,Mr,,,,,international_happyfirst,2,,2,8,0,0.5,0.5
2017-05-20 00:41:47,2017-05-20 00:42:05,IP Address,28,17,False,2017-05-21 00:41:53,R_xl6WWhL7rTYm5Z7,email,No,,,,,,,,,,,,,,,,,,,,,,,,,,,,,,,,,,,,,,,,,,,,,,,,,,,,,,,,,,,,,,,,,,,F,Y,2,1,142243,Miss,.2976429,228,805,1,,,,,,,,
2017-05-20 07:47:36,2017-05-20 07:48:49,IP Address,26,72,False,2017-05-21 07:47:49,R_0Pwv3UrCuUaKq0V,email,Yes,0,0,1.702,0,5.447,5.447,7.161,1,No,2.311,2.311,6.186,1,Yes,3.431,3.431,7.974,1,Yes,7.943,7.943,9.334,1,Yes,12.413,12.413,13.38,1,Moderately unhappy,,,,,,,,,,,,,,,,,,,,,,,,,,,,,,,,,,,,,,F,N,1,0,125986,Mrs,.0368215,31,690,1,noask,,,0,10,0,0,0
2017-05-21 10:34:12,2017-05-21 10:35:34,IP Address,100,81,True,2017-05-21 10:35:35,R_1Cwm3DJjb7B3Ocb,email,Yes,0,0,1.95,0,7.511,7.511,9.16,1,Yes,2.194,5.615,6.824,2,Yes,4.075,4.075,7.106,1,Yes,7.061,10.156,11.942,2,Yes,7.082,9.365,10.835,2,Moderately happy,,,,,,,,,,,,,,,,,,,,,,,,,,,,,,,,,,,,,,F,N,1,1,123940,Ms,.3096868,233,690,1,noask,,,0,10,0,0,0
2017-05-21 18:02:22,2017-05-21 18:03:15,IP Address,100,53,True,2017-05-21 18:03:16,R_2sRPVM0yaNNc1BV,email,Yes,0,0,2.085,0,2.826,5.635,6.358,3,No,1.749,3.681,5.762,3,No,1.597,1.615,5.91,2,No,3.095,3.11,5.811,2,Yes,1.461,6.121,8.274,3,Moderately happy,,,,,,,,,,,,,,,,,,,,,,,,,,,,,,,,,,,,,,F,Y,2,4,131728,Ms,.8192911,659,805,1,noask,,,0,10,0,0,0
2017-05-21 19:00:27,2017-05-21 19:03:27,IP Address,100,179,True,2017-05-21 19:03:28,R_2OW8Od2WXp5lpw8,email,Yes,,,,,5.646,5.646,8.262,1,No,5.342,5.342,8.407,1,No,4.823,4.823,7.58,1,No,8.374,8.374,12.573,1,No,11.236,11.236,13.957,1,Moderately unhappy,,,,,,,,,,,,,,,,4.155,47.019,50.444,30,0,,,,,,,,,,,,,,,,,,F,N,1,3,142258,Miss,.6740231,479,690,1,domestic_happyafter,,0,0,10,0,0,0
2017-05-20 20:44:36,2017-05-20 20:44:48,IP Address,22,11,False,2017-05-21 20:45:03,R_3qUyzbV5Bepdyxp,email,Yes,0,0,1.421,0,,,,,,,,,,,,,,,,,,,,,,,,,,,,,,,,,,,,,,,,,,,,,,,,,,,,,,,,,,,,,,1234567,M,N,,9,,Dr,,,,,,,,,,,,
2017-05-21 21:25:55,2017-05-21 21:27:15,IP Address,100,79,True,2017-05-21 21:27:16,R_2VrK3HVolRVhT4G,email,Yes,0,0,2.284,0,2.369,2.392,5.93,2,Yes,2.033,4.478,5.783,3,Yes,9.472,10.037,11.115,3,No,10.02,10.041,10.983,2,Yes,11.664,11.689,12.389,2,Moderately happy,,,,,,,,,,,,,,,,,,,,,,,,,,,,,,,,,,,,,130532,F,N,,4,,Mrs,,,,,noask,,,0,10,0,0,0
2017-05-21 23:01:22,2017-05-21 23:05:30,IP Address,100,248,True,2017-05-21 23:05:31,R_QgMy5ml9CloufSh,email,Yes,,,,,4.851,4.851,6.407,1,Yes,3.046,3.046,6.096,1,Yes,6.538,6.538,8.259,1,Yes,19.815,19.815,20.935,1,Yes,5.689,5.689,6.633,1,Moderately happy,,,,,,21.017,22.692,29.44,2,10,,,,,,,,,,,,,,,,,,,,,,,,,,,,M,N,3,2,132241,Mr,.526059,386,704,1,domestic_happyfirst,,10,10,0,2.5,0,2.5
2017-05-22 07:42:26,2017-05-22 07:43:49,IP Address,100,83,True,2017-05-22 07:43:50,R_2ur3p8IiNxiDSHi,email,Yes,0,0,2.473,0,5.627,5.642,7.019,2,No,4.553,4.561,6.191,2,Yes,5.806,5.819,7.314,2,Yes,8.271,8.281,9.502,2,Yes,8.68,8.699,9.73,2,Moderately happy,,,,,,,,,,,,,,,,,,,,,,,,,,,,,,,,,,,,,132083,F,N,,3,,Mrs,,,,,noask,,,0,10,0,0,0
2017-05-22 08:59:00,2017-05-22 09:01:13,IP Address,100,133,True,2017-05-22 09:01:14,R_1OxGqDolzZbAQ4G,email,Yes,0,0,5.026,0,6.548,6.561,7.923,2,Yes,2.813,2.827,6.156,2,Yes,5.075,5.085,6.481,2,Yes,10.051,10.064,11.063,2,Yes,42.981,42.991,44.319,2,Moderately happy,,,,,,,,,,,,,,,,,,,,,,,,,,,,,,,,,,,,,134247,M,N,,1,,Mr,,,,,noask,,,0,10,0,0,0
2017-05-22 18:41:23,2017-05-22 18:43:01,IP Address,100,97,True,2017-05-22 18:43:02,R_1oisrdLY4RL5Apq,email,Yes,,,,,2.564,2.564,6.069,1,Yes,2.02,2.02,7.171,1,Yes,3.726,4.478,5.869,2,Yes,11.784,11.784,13.51,1,Yes,5.233,5.233,6.637,1,Neither happy nor unhappy,,,,,,27.737,29.673,30.776,2,0,,,,,,,,,,,,,,,,,,,,,,,,,,,,M,N,3,2,130894,Mr,.5673877,417,704,1,domestic_happyfirst,,0,0,10,0,0,0
2017-05-22 13:30:00,2017-05-22 13:34:05,IP Address,50,244,False,2017-05-22 22:34:44,R_2c6qOPI4TXHkoXN,email,Yes,,,,,,,,,,,,,,,,,,,,,,,,,,,,,,,,,,,,,,,,,,,,,,,,,,,,,,,,,,,,,,,,,,123475,F,Y,,2,,Mrs,,,,,,,,,,,,
