StartDate,EndDate,Status,Progress,Duration (in seconds),Finished,RecordedDate,ResponseId,DistributionChannel,UserLanguage,salaryrequest1,medsalaryguess,salaryrequest2,Q23,guesspctwork,guessavgsalary,Q17_1,Q17_2,Q17_3,Q17_4,Q18_1,Q18_2,Q18_3,Q18_4,current_happiness_1,ask_stc_10_mx25,ask_cruk_10_mx25a,code,gender,firstasktreat
Start Date,End Date,Response Type,Progress,Duration (in seconds),Finished,Recorded Date,Response ID,Distribution Channel,User Language,"One of the interviewers asks you, explicitly:​     ""How much do you want to be paid per year should we decide to hire you?""     You must specify a number. How much do you tell them you want to be paid, per year, in thousands of pounds?     £  ....  thousand pounds per year.","What do you think was the median annual 2015 UK starting salary for the position of Assurance Trainee?    (Please give your best guess, in thousands of pounds per year; do not consider how you would answer this question in an interview.)",[QID61-QuestionText],"Please give your best guess.  Of the 2011 Essex graduates who were not in further study, what percent had a paid full-time graduate-level job by six months from graduation?*     *Considering recipients of an undergraduate degree who were UK-domiciled full-time students only and excluding those doing volunteer work and those ineligible to work.      That is:  ....... percent","Please give your best guess.     Of the 2014-15 Essex graduates, what percent found (some type of) work or were continuing their studies within six months of completing their first degree?","Please give your best guess.    For the most recent first-degree leavers (from all institutions of higher education in the UK) who were in full-time paid employment in the UK by six months after graduation, what was the average annual salary (in thousands of pounds)?     £  ....  thousand pounds per year.","Please go to the website Careers4Graduates (recommended by the Essex Employability and Careers Centre) and look through the listed vacancies.   Please find one vacancy on this site that you might be interested in, for when you graduate. For this vacancy, please enter the job title, employer or agency, industry, and your best guess of the average starting salary (in thousands of pounds per year).    Please note that we will not contact this employer nor share your identity with anyone. - Job title","Please go to the website Careers4Graduates (recommended by the Essex Employability and Careers Centre) and look through the listed vacancies.   Please find one vacancy on this site that you might be interested in, for when you graduate. For this vacancy, please enter the job title, employer or agency, industry, and your best guess of the average starting salary (in thousands of pounds per year).    Please note that we will not contact this employer nor share your identity with anyone. - Employer","Please go to the website Careers4Graduates (recommended by the Essex Employability and Careers Centre) and look through the listed vacancies.   Please find one vacancy on this site that you might be interested in, for when you graduate. For this vacancy, please enter the job title, employer or agency, industry, and your best guess of the average starting salary (in thousands of pounds per year).    Please note that we will not contact this employer nor share your identity with anyone. - Industry","Please go to the website Careers4Graduates (recommended by the Essex Employability and Careers Centre) and look through the listed vacancies.   Please find one vacancy on this site that you might be interested in, for when you graduate. For this vacancy, please enter the job title, employer or agency, industry, and your best guess of the average starting salary (in thousands of pounds per year).    Please note that we will not contact this employer nor share your identity with anyone. - Expected starting salary per year, in thousands of pounds","Again using the website Careers4Graduates (recommended by the Essex Employability and Careers Centre) and look through the listed vacancies.    Please find one vacancy on this site that you might be interested in,  ... for 5-10 years after you graduate.    For this vacancy, please enter the job title, employer or agency, industry, and your best guess of the average salary (in thousands of pounds per year).    Please note that we will not contact this employer nor share your identity with anyone. - Job title","Again using the website Careers4Graduates (recommended by the Essex Employability and Careers Centre) and look through the listed vacancies.    Please find one vacancy on this site that you might be interested in,  ... for 5-10 years after you graduate.    For this vacancy, please enter the job title, employer or agency, industry, and your best guess of the average salary (in thousands of pounds per year).    Please note that we will not contact this employer nor share your identity with anyone. - Employer","Again using the website Careers4Graduates (recommended by the Essex Employability and Careers Centre) and look through the listed vacancies.    Please find one vacancy on this site that you might be interested in,  ... for 5-10 years after you graduate.    For this vacancy, please enter the job title, employer or agency, industry, and your best guess of the average salary (in thousands of pounds per year).    Please note that we will not contact this employer nor share your identity with anyone. - Industry","Again using the website Careers4Graduates (recommended by the Essex Employability and Careers Centre) and look through the listed vacancies.    Please find one vacancy on this site that you might be interested in,  ... for 5-10 years after you graduate.    For this vacancy, please enter the job title, employer or agency, industry, and your best guess of the average salary (in thousands of pounds per year).    Please note that we will not contact this employer nor share your identity with anyone. - Expected salary per year, in thousands of pounds",How would you rate your happiness at the moment?,"Before we explain how to claim your prize…  We are giving you the opportunity to donate from your prize to Save the Children. For every pound you donate, we will add an extra 25p.  Please click on the image below for further information about this charity (link will open in a new tab).             From your £10 Amazon gift certificate are you willing to donate to Save the Children?    If you donate, your donation will be automatically deducted from your prize and passed on to this charity, plus an additional 25% from our own funds.     Donations will be made within 14 days and receipts will be kept at the ESSExLab office. We will not pass your personal information on to the charity.      Please enter the amount you would like to donate, if anything, in the box below. (Enter a number between 0 and 10).","Before we explain how to claim your prize…  We are giving you the opportunity to donate from your prize to Cancer Research   UK. For every pound you donate, we will add an extra 25p.  Please click on the image below for further information about this charity (link will open in a new tab).                  From your £10 Amazon gift certificate are you willing to donate to Cancer Research UK?    If you donate, your donation will be automatically deducted from your prize and passed on to this charity, plus an additional 25% from our own funds.     Donations will be made within 14 days and receipts will be kept at the ESSEXLab office. We will not pass your personal information on to the charity.     Please enter the amount you would like to donate, if anything, in the box below. (Enter a number between 0 and 10).",code,gender,firstasktreat
"{""ImportId"":""startDate"",""timeZone"":""Europe/London""}","{""ImportId"":""endDate"",""timeZone"":""Europe/London""}","{""ImportId"":""status""}","{""ImportId"":""progress""}","{""ImportId"":""duration""}","{""ImportId"":""finished""}","{""ImportId"":""recordedDate"",""timeZone"":""Europe/London""}","{""ImportId"":""_recordId""}","{""ImportId"":""distributionChannel""}","{""ImportId"":""userLanguage""}","{""ImportId"":""QID61_TEXT""}","{""ImportId"":""QID62_TEXT""}","{""ImportId"":""QID63_TEXT""}","{""ImportId"":""QID54_TEXT""}","{""ImportId"":""QID57_TEXT""}","{""ImportId"":""QID51_TEXT""}","{""ImportId"":""QID47_1""}","{""ImportId"":""QID47_2""}","{""ImportId"":""QID47_3""}","{""ImportId"":""QID47_4""}","{""ImportId"":""QID48_1""}","{""ImportId"":""QID48_2""}","{""ImportId"":""QID48_3""}","{""ImportId"":""QID48_4""}","{""ImportId"":""QID15_1""}","{""ImportId"":""QID22_TEXT""}","{""ImportId"":""QID31_TEXT""}","{""ImportId"":""code""}","{""ImportId"":""gender""}","{""ImportId"":""firstasktreat""}"
2017-06-27 15:08:02,2017-06-27 15:11:07,IP Address,100,184,True,2017-06-27 15:11:07,R_2wGn2o3l5JIhp8Y,email,EN,30,21,30,70,50,25,Quantity Surveyor,MPP,Construction,32,Quantity Surveyor,noot,Construction,50,Extremely unhappy,,0,ygujk4,male,domestic_hb
2017-06-27 15:05:51,2017-06-27 15:12:48,IP Address,100,416,True,2017-06-27 15:12:49,R_3e39BXZdCiRbcyL,email,EN,700,650,21,60,30,16,Partner Manager,Connect,Accounting/Management,21,"Business Analysist ",Incisive Ltd,It,80,Slightly happy,0,,7g10ue,male,noask
2017-06-27 15:07:49,2017-06-27 15:18:05,IP Address,100,616,True,2017-06-27 15:18:06,R_3L746xMKNNR22IX,email,EN,20,25,25,95,50,25,"Graduate Recruitment Consultant (London - 5 places left!) ","Gravitas Recruitment Group ","Recruitment ",18,"Graduate Recruitment Consultant - Reading ","Roc Search ","IT and Engineering ",40,Moderately happy,,0,5p56no,female,noask
2017-06-27 15:07:51,2017-06-27 15:18:49,IP Address,100,657,True,2017-06-27 15:18:49,R_3PFh8BFJ9ZXaY50,email,EN,19,20,21,80,60,60,Junior/Graduate Digital Website and Product Administrator,Mortimer Spinks a trading division of Harvey Nash Plc,digital marketing,20,Junior/Graduate Digital Website and Product Administrator,Mortimer Spinks a trading division of Harvey Nash Plc,digital website,26,Slightly happy,1,,vem2n0,female,domestic_hb
2017-06-27 15:09:05,2017-06-27 15:20:06,IP Address,100,660,True,2017-06-27 15:20:07,R_1mK2HZLqoHjjNWG,email,EN,35,32,20,15,65,26,Teacher,EF English First,Education,22250,Teacher,EF English First,"Education ",30000,Moderately happy,0,,119jxb,male,international_hb
2017-06-27 15:06:45,2017-06-27 15:20:44,IP Address,100,839,True,2017-06-27 15:20:45,R_1pAqHDDW0fqmSko,email,EN,24,19,17,83,54,21,"Product owner ",MA,retail,182,Account Manager,Fin tech,sales,35,Moderately unhappy,0,,4i90t0,female,noask
2017-06-27 15:10:21,2017-06-27 15:21:31,IP Address,100,669,True,2017-06-27 15:21:32,R_3g2dbdePz27Bhv3,email,EN,24,23,23,91,30,23,Graduate Software Engineer,Not Specified,IT,33,Senior Software Engineer,Not Specified,IT,50,Moderately happy,,0,ajic3u,male,domestic_hb
2017-06-27 15:15:38,2017-06-27 15:26:35,IP Address,100,656,True,2017-06-27 15:26:35,R_1hA8mQ3ZIrKCE1G,email,EN,25,20,25,30,60,20,"Client Support Analyst - Foreign Exchange, Broking services",Agency,Finance,25,Corporate Actions Analyst,agency,finance,27,Moderately happy,,1,ixbfx9,female,noask
2017-06-27 15:09:52,2017-06-27 15:26:50,IP Address,100,1017,True,2017-06-27 15:26:51,R_OHbGDrGRhcmgcZX,email,EN,20,20,20,75,55,20,"Trainee Recruitment Consultant ","Opus Recruitment Solutions ",HR,20,New Business Development Executive/Software Sales,Big Red Recruitment,"IT, Sales and Marketing",33,Neither happy nor unhappy,,0,hxdae2,female,international_hb
2017-06-27 15:14:47,2017-06-27 15:27:44,IP Address,100,776,True,2017-06-27 15:27:45,R_2VQqjNwtnkhtspe,email,EN,30,30,20,75,40,20,Research Analyst,Understanding Recruitment,Technology,30,Business Analyst,Incisive Ltd,Finance,80,Neither happy nor unhappy,0,,943ses,male,domestic_hb
2017-06-27 15:10:22,2017-06-27 15:27:52,IP Address,100,1050,True,2017-06-27 15:27:52,R_1od6bbhvaLxCTIG,email,EN,19,24,19,30,70,15,"Graduate content administrator ","Unknown ",Media,20,"Project manager ","Unknown ",Media,30,Moderately happy,,0,tz5xwh,female,noask
2017-06-27 15:07:03,2017-06-27 15:31:02,IP Address,100,1439,True,2017-06-27 15:31:04,R_2UfTnRpCgLkjb6t,email,EN,30,22,20,78,15,20,market data analysts/graduate trainee,ballintrea,"it, sales and marketing",16,Project Manager Research and Development,elevate,science,32,Slightly unhappy,,0,kv58e4,female,domestic_hb
2017-06-27 15:07:44,2017-06-27 15:31:45,IP Address,100,1441,True,2017-06-27 15:31:46,R_1q9bj20YuMEMn5o,email,EN,25,23,25,55,88,26,Infrastructure Support,Net Talent,IT,25,Senior Developer,Spectrum IT,IT,50,Neither happy nor unhappy,0,,w0a1sn,male,noask
2017-06-27 15:22:52,2017-06-27 15:33:06,IP Address,100,614,True,2017-06-27 15:33:07,R_exs43FfrIo8c1nr,email,EN,20,22,22,60,60,17,Travel Nurse,RN,N/A,15,Nurse,Nhs,N/a,26,Moderately happy,,0,y1fqpj,female,international_hb
2017-06-27 15:16:58,2017-06-27 15:33:08,IP Address,100,969,True,2017-06-27 15:33:09,R_PYBJ9hpdqZNc493,email,EN,21,21,18,35,60,21,Teach English in China,EF English First,Education,30,Partner Manager,Eden Smith Limited,IT,35,Slightly happy,,0,qi42p2,male,noask
2017-06-27 15:24:27,2017-06-27 15:33:17,IP Address,100,530,True,2017-06-27 15:33:18,R_3FLh1hzP1Sy2Z59,email,EN,25,18,25,20,30,20,ACCOUNT MANAGER,Canary Wharf,Fintech,35,account manager,Canary Wharf,fintech,40,Neither happy nor unhappy,9,,yqrczc,female,domestic_hb
2017-06-27 15:20:01,2017-06-27 15:35:27,IP Address,100,926,True,2017-06-27 15:35:28,R_9KuHX4hbB7UQAoN,email,EN,20,15,22,15,40,20,Junior/Graduate Software Position,eCommerce Co. - Brighton,IT,20,"Management Accounts Assistant - CIMA, Graduate, London, Permanent",The Workshop Technologies Ltd,Finance,25,Neither happy nor unhappy,,0,1k53kg,male,international_ha
2017-06-27 15:27:24,2017-06-27 15:35:36,IP Address,100,491,True,2017-06-27 15:35:37,R_2rYMPZWvXKVA1is,email,EN,24,19,22,52,35,23,Graduate Content Administrator,Lorien,E-commerce,18000,Recruitment Coordinator,Resource Solutions,Recruitment,20000,Neither happy nor unhappy,0,,crb3e2,male,noask
2017-06-27 15:08:36,2017-06-27 15:35:58,IP Address,100,1642,True,2017-06-27 15:35:59,R_3nSJJ0WAS2YJKIW,email,EN,25,30,23,60,45,20,"International Market Research Officer, Communications and External Relations",University of Essex,Communications and External Relations,29301,Trainee Broker,Delphi Derivatives,Finance,20000,Slightly unhappy,,0,9kvf9x,female,domestic_hb
2017-06-27 15:07:50,2017-06-27 15:39:33,IP Address,100,1902,True,2017-06-27 15:39:34,R_1ign1p5NBHXqf5d,email,EN,25,20,30,60,80,25,Accounts Manager,Fintech,"IT, Finance, Sales, Marketing",35,Senior Consultant,Venquis LTD,Finance,65,Slightly unhappy,,0,mvnvbd,female,international_ha
2017-06-27 15:35:53,2017-06-27 15:44:06,IP Address,100,493,True,2017-06-27 15:44:07,R_W6dfOkpuIbjBNVn,email,EN,18,15,22,40,30,20,Teach english in china,Ef english first,"Teaching ",25,Cant see one,N/a,Dunno,350,Neither happy nor unhappy,,0,qt3bnq,female,noask
2017-06-27 15:35:19,2017-06-27 15:44:15,IP Address,100,536,True,2017-06-27 15:44:16,R_2rZof3ZHLBmtdIK,email,EN,20,20,25,70,50,18,Accounts Assistant,Lynx recruitment,Finance,18,Credit controller,nine,finance,25,Moderately happy,0,,fajrx6,female,international_hb
2017-06-27 15:31:12,2017-06-27 15:44:31,IP Address,100,799,True,2017-06-27 15:44:32,R_1hRJNtYLTJw5FvF,email,EN,30,20,18,20,15,15,Trainee Lawyer,"Law firm ","Law firm ",18,Trainee Lawyer,"Law firm ","Law firm ",18,Slightly happy,0,,rrmy78,female,international_hb
2017-06-27 15:32:20,2017-06-27 15:45:57,IP Address,100,816,True,2017-06-27 15:45:58,R_3HUON62tZsCpuTJ,email,EN,24,21,24,40,50,20,Recruitment Consultant,Roc Search Limited,Sales and Marketing,18,Business Development Executive,Swindale Parks Limited,Sales and Marketing,35,Neither happy nor unhappy,5,,mg8xvk,female,noask
2017-06-27 15:28:23,2017-06-27 15:47:37,IP Address,100,1153,True,2017-06-27 15:47:38,R_1gRyGuhfW76MdVE,email,EN,25,20,22,70,60,25,Graduate IT Support Consultant,Capita Resourcing IT,IT,19,Software Developer IT Trainer (.NET Framework),Bridgewater Resourcing Solutions Ltd,"IT, Education",35,Moderately unhappy,0,,srxpx1,female,domestic_hb
2017-06-27 15:37:14,2017-06-27 15:51:48,IP Address,100,873,True,2017-06-27 15:51:49,R_1mkjKu4J8wAwRPb,email,EN,30,30,25,25,60,25,Graduate Marketing Designer,Tangent international,Media,41600,System Administrator,Evolution Recruitment Solutions Ltd,IT,40,Slightly happy,,3,gl7r7w,female,international_hb
2017-06-27 15:35:23,2017-06-27 15:58:54,IP Address,100,1411,True,2017-06-27 15:58:55,R_11cOTEadfRnsmrg,email,EN,23,23,24,90,70,20,Graduate Analyst,ReThink Recruitment,"IT, Finance",27,Account Manager,DCM Executive Search,"IT, Finance, Sales and Marketing",35,Neither happy nor unhappy,,1,gw86b2,male,noask
2017-06-27 15:44:58,2017-06-27 16:01:51,IP Address,100,1013,True,2017-06-27 16:01:52,R_28Gt6KXeWQeMVyK,email,EN,28,25,22,62,88,27,Lead Risk Modeller,GCS,Finance,25,Insurance Analyst,Mills Goodwin Talent Network,"IT, Finance",40,Moderately happy,2,,f081om,female,international_ha
2017-06-27 16:06:24,2017-06-27 16:10:09,IP Address,100,225,True,2017-06-27 16:10:10,R_277DcuURBqhTRaH,email,EN,30,22,34,60,60,20,Recruitment consultant,Hays,Recruitment,20,Investment manager,Mitsubishi,Finance,45,Moderately happy,,0,38424n,male,domestic_hb
2017-06-27 16:01:50,2017-06-27 16:11:12,IP Address,100,562,True,2017-06-27 16:11:13,R_DSGx6h9ZgqhrUB3,email,EN,40,50,20,60,60,18,Account Manager,Fine Tech,Sales,35,SAP MM Lead,Montash,IT,80,Moderately happy,0,,qndwgd,male,international_ha
2017-06-27 16:03:52,2017-06-27 16:14:53,IP Address,100,660,True,2017-06-27 16:14:54,R_3F2wUZF9IEj8agl,email,EN,22,20,20,50,65,20,Teaching English in China,EF English first,Education,18,Talent and Devlopment Consultant,Annapurna HR,HR,55,Slightly happy,0,,bq01pq,female,domestic_hb
2017-06-27 16:06:02,2017-06-27 16:18:55,IP Address,100,772,True,2017-06-27 16:18:55,R_3L7GaF2y1hWVeYM,email,EN,21,19,21,35,25,25,Graduate Marketing Design,Tangent International,"Sales and Marketing, Media",41,"Business Development Executive ","Swindale Parks Limited ","Sales and Marketing ",35,Moderately happy,0,,6m8s0x,female,domestic_hb
2017-06-27 16:12:26,2017-06-27 16:22:32,IP Address,100,605,True,2017-06-27 16:22:33,R_20ZHtLjCcYkVaa9,email,EN,25,22,22,60,20,22,"Graduate Analyst, Excellent Academic Record",Monarch,Finance,23,Senior Consultant,Venquis,Finance,65,Moderately unhappy,,0,phov1o,female,international_ha
2017-06-27 16:03:39,2017-06-27 16:24:43,IP Address,100,1264,True,2017-06-27 16:24:44,R_1hMibVpOJOAnmEL,email,EN,18,17,20,75,90,18,Talent Acquisition Manager,Annapurna HR,HR,35000,"System Administrator ",Evolution Recruitment Solutions Ltd,IT,50000,Moderately happy,0,,i0amuq,female,noask
2017-06-27 16:15:35,2017-06-27 16:42:17,IP Address,100,1601,True,2017-06-27 16:42:17,R_1M4bi3SwlOH7rNK,email,EN,19,18,20,90,90,21,Graduate data scientist,Computer people,IT,30,Data Scientist Project Manager,JM Group,IT/Science/Consulting,50,Moderately happy,,0,7t1iuu,female,noask
2017-06-27 16:39:22,2017-06-27 16:45:59,IP Address,100,397,True,2017-06-27 16:46:01,R_2znGkqQKuK9M0B1,email,EN,25,18,18,70,50,21,Graduate developer,Expanding software house,It,25000,Data Analyst,Gravitas,It support,25000,Moderately unhappy,,1,ujnj44,female,international_hb
2017-06-27 16:38:58,2017-06-27 16:47:07,IP Address,100,488,True,2017-06-27 16:47:08,R_1LZqgim56G6k7oW,email,EN,30,28,25,100,75,20,Net developer,Monarch,IT,20,Net developer,Monarch,It,30,Moderately unhappy,0,,g8hw29,female,international_hb
2017-06-27 16:41:44,2017-06-27 17:01:03,IP Address,100,1159,True,2017-06-27 17:01:04,R_cZRaQjnrBlWEfaF,email,EN,32,32.275,18,30,60,24,Environmental Test Engineer,CBS Bulter,Electronics,40,Testing and QA Trainer,Testing Circle,IT,50,Neither happy nor unhappy,10,,ypf3ax,male,noask
2017-06-27 16:45:10,2017-06-27 17:01:07,IP Address,100,957,True,2017-06-27 17:01:08,R_yBLf9adJjImiKkN,email,EN,18,18,18,70,70,20,Trainee Recruitment Consultant,Allegis Group,"Sales and Marketing, HR, Consulting",22,Inside Sales Consultant - Software/Technology,Radley James Ltd,"IT, Sales and Marketing, Legal",37,Neither happy nor unhappy,,1,jc373f,female,domestic_ha
2017-06-27 16:43:39,2017-06-27 17:01:38,IP Address,100,1079,True,2017-06-27 17:01:39,R_sMcp7EDOcjIzijD,email,EN,999,300,30,60,45,20,Graduate developer expanding software house,"Software house ",It,25,Senior business analyst/project manager,"It global limited ","It, finiance",45,Neither happy nor unhappy,2,,vpovho,female,noask
2017-06-27 16:53:20,2017-06-27 17:02:22,IP Address,100,542,True,2017-06-27 17:02:23,R_su7VfjVh6oXT29z,email,EN,25,25,25,90,90,20,Software dev,Spectrum,Software,25,Software engineer,RecruitmentRevoloution,Software,35,Moderately happy,0,,dy5mte,male,domestic_ha
2017-06-27 16:59:51,2017-06-27 17:09:38,IP Address,100,586,True,2017-06-27 17:09:39,R_270PA19vTxfvrQT,email,EN,23,25,23,65,50,22,"Management Consultant/Turnaround and Restructuring/Banking/Operations/Retail/Agribusiness ",Innovation Brain,Consultancy,30,"IT Project Manager - Lotus Notes to Office 365 - Charity Sector ",IT Flexi Team,IT,60,Neither happy nor unhappy,,0,amgykk,male,noask
2017-06-27 17:00:53,2017-06-27 17:10:21,IP Address,100,568,True,2017-06-27 17:10:22,R_1FLmoDziSQcByXY,email,EN,30,20,30,60,80,20,Sales Account Manager,Cisco,IT Software,30,Data Analytics Project Manager,JM Group,IT,45,Moderately unhappy,,0,nhq15y,male,noask
2017-06-27 17:10:30,2017-06-27 17:14:13,IP Address,100,222,True,2017-06-27 17:14:14,R_1nVlOT78k6VKDPT,email,EN,32,21,31,90,75,21,Digital Marketing Executive,Digital Agency,"Marketing consultancy ",32,Digital marketing officer,Marketing agency,Marketing,25,Moderately unhappy,,0,tjp4oc,female,international_hb
2017-06-27 17:11:47,2017-06-27 17:26:56,IP Address,100,909,True,2017-06-27 17:26:57,R_1mJfazTHARxtZ1G,email,EN,19,22,19,67,68,19,junior data scientist,spencer rose,it,40000,junior data scientist,spencer rose,it,40000,Slightly happy,,2,pttr1b,male,international_ha
2017-06-27 17:18:02,2017-06-27 17:28:19,IP Address,100,616,True,2017-06-27 17:28:20,R_1MYDXtOhQISajCT,email,EN,30,17,19,5,72,70,Psychologist,Nhs,Health and social care,19,RN travel nurse,HealthTrust Workforce Solutions,Health,20,Moderately unhappy,0,,191u1t,female,noask
2017-06-27 17:28:05,2017-06-27 17:41:06,IP Address,100,781,True,2017-06-27 17:41:07,R_2D1y9J2llaXJcZ1,email,EN,100,15,25,60,90,25,Graduate Analyst Job,Computer People,IT,30,"Graduate Analyst, Excellent Academic Record",Monarch Recruitment Ltd.,IT,28,Moderately happy,0,,fvc2ww,male,domestic_ha
2017-06-27 17:41:34,2017-06-27 17:50:56,IP Address,100,562,True,2017-06-27 17:50:57,R_1N4HUY4e3OOHczU,email,EN,17,16,17,40,60,16,Data Scientist Project Manager,The JM Group,Science,30,Data Scientist Project Manager,The JM Group,Science,45,Extremely unhappy,,0,keelti,female,domestic_hb
2017-06-27 17:47:06,2017-06-27 17:56:55,IP Address,100,589,True,2017-06-27 17:56:56,R_3qxJBCEC9PWadiw,email,EN,35,28,35,80,60,22,Project Administrator - Graduate,ECS Group,Office & Admin,18,Technical trainer,Tectre Ltd,IT,40,Moderately happy,5,,aj9ya6,female,international_hb
2017-06-27 18:17:18,2017-06-27 18:42:20,IP Address,100,1502,True,2017-06-27 18:42:21,R_2U4xGDtMIx5bysa,email,EN,30,22,25,45,40,25,junior project managment officer,Aston carter,unknown,36,business analyst,incisive,investment managment company,80000,Slightly unhappy,,0,s1mn9o,female,domestic_hb
2017-06-27 19:03:58,2017-06-27 19:08:36,IP Address,100,277,True,2017-06-27 19:08:37,R_3il1sDP449PjMfe,email,EN,19,22,23,10,34,18,"Investment ","Sanderson ","Finance ",18,Investement,Sandersokm,"Finance ",35,Slightly unhappy,,0,babbu0,male,international_hb
2017-06-27 19:09:35,2017-06-27 19:24:39,IP Address,100,904,True,2017-06-27 19:24:40,R_3FL6AFSsc6ZHf70,email,EN,25,22,22,90,50,20,Graduate Analyst,Financial firm,Financial services,20,Business analyst/agile,InterQuest Financial Markets,"IT, Finance",80,Neither happy nor unhappy,,0,7ynp0u,female,domestic_ha
2017-06-27 19:17:14,2017-06-27 19:24:45,IP Address,100,451,True,2017-06-27 19:24:46,R_1NkXrlh0tqHOq4u,email,EN,27,27,18,80,92,19,B2C customer credit control,Interaction recruitment ltd,Financial services,18,Graduate analyst,Monarch recruitment ltd,Financial services,25,Slightly happy,0,,qhmb6q,female,domestic_ha
2017-06-27 19:13:52,2017-06-27 19:27:17,IP Address,100,805,True,2017-06-27 19:27:18,R_8cVT2zJdNR9t9Pb,email,EN,20,16,20,75,70,16,Technical Trainer," Tectre Limited"," IT, Education",40,Data Scientist Project Manager," JM Group"," IT, Science, Consulting",50,Slightly unhappy,0,,geiff7,male,international_ha
2017-06-27 19:37:31,2017-06-27 19:47:54,IP Address,100,623,True,2017-06-27 19:47:54,R_1Fzx6lPBOLS5Vyl,email,EN,20,18,21,60,70,19,Junior SQL developer,Harvey nash,Business,23,Software developer,Computer peoplr,It,30,Slightly happy,,0,8cyduw,male,international_ha
2017-06-27 20:05:14,2017-06-27 20:18:39,IP Address,100,805,True,2017-06-27 20:18:40,R_29bkiUEGKqq1AyQ,email,EN,15,18,18,60,25,20,Entry level business development representative,"Kerr Recruitment ",Marketing,25,Graduate development lead,Annapurna HR,Finance,65,Moderately happy,0,,pi724b,female,noask
2017-06-27 20:19:07,2017-06-27 20:36:45,IP Address,100,1057,True,2017-06-27 20:36:46,R_3sivV4tmnAm2CSE,email,EN,25,24,25,86,80,21,"SAP Junior/Graduate Project Manager ",BOSS Professional Service,IT,25000,Graduate Development Lead,Annapurna HR,"Finance ",90,Moderately happy,0,,yfqsd,female,international_hb
2017-06-27 20:43:35,2017-06-27 20:49:11,IP Address,100,335,True,2017-06-27 20:49:11,R_3J4WI3R2AYM2HPf,email,EN,30,25,34,50,70,30,hfjnvfjv,tvev,etbt,40,hr,teh,eth,30,Slightly happy,0,,d2znk9,male,domestic_hb
2017-06-27 20:58:47,2017-06-27 21:21:34,IP Address,100,1366,True,2017-06-27 21:21:35,R_22QUA3vF4ZireXB,email,EN,30,30,25,70,40,26,Graduate Recruitment Consultant - Reading,Rocsearch,recruitment,27,Compensation and Benefit advisors,Tech Mahindra,IT,48,Neither happy nor unhappy,,0,aik96b,female,noask
2017-06-27 15:26:50,2017-06-27 21:22:55,IP Address,100,21365,True,2017-06-27 21:22:57,R_3dX0aNtj9F9j9EF,email,EN,20,18,20,50,55,25,Sales Account Manager,Cisco,Sales,30000,Account Manager,Fintech,Finance,35000,Slightly happy,,0,fz3ckd,male,international_hb
2017-06-27 21:24:13,2017-06-27 21:37:08,IP Address,100,774,True,2017-06-27 21:37:08,R_10qSD9feRhCnbyI,email,EN,30,35,25,25,45,25,Graduate Development Lead,Annapurna HR,Finance,70,Graduate Development Lead,"Annapurna ",Finance,70,Neither happy nor unhappy,0,,gcy7ny,female,noask
2017-06-27 22:01:56,2017-06-27 22:13:26,IP Address,100,690,True,2017-06-27 22:13:27,R_2w1dQ95WA62OTiP,email,EN,999,600,999,30,50,21,Accounts assistant,Client,Finance,18,Accounts assistant,Client,Finance,24,Moderately unhappy,10,,4rqdta,female,international_hb
2017-06-27 22:53:36,2017-06-27 23:08:32,IP Address,100,896,True,2017-06-27 23:08:33,R_114OCqhJk777mdD,email,EN,999,999,999,10,55,999,Trainee business manager,Ici,Chemical,22000,"Software Project Manager (SCRUM C++ Java Desktop Systems QA) Walton-on-Thames, Surrey, UK - 45K-52K + Excellent Benefits",Areospace,Softwear,45000,Slightly unhappy,,10,ivw8g0,female,domestic_ha
2017-06-27 23:38:41,2017-06-27 23:56:21,IP Address,100,1060,True,2017-06-27 23:56:23,R_1pRqemXMVs2dZzQ,email,EN,25,20000,25,80,80,25,Graduate opportunity - Client Support Analyst - FX - Banking - Broker,Kite Consulting Group Limited,IT,30,Senior Consultant,Venquis Limited,Finance,60,Neither happy nor unhappy,,5,6qhp96,female,noask
2017-06-28 00:22:39,2017-06-28 00:38:01,IP Address,100,922,True,2017-06-28 00:38:02,R_1irQcYGU4hK8uiN,email,EN,40,24,20,20,85,20,"BackShareAdd To BasketApply CCNA/CCNP Graduate, Global NOC/Helpdesk - French/German/Italian- Global Telecoms",Global telecoms,Telecommunications,26,Accounts Assistant- London- Italian Speaking,Links ltd,Finance,18,Slightly unhappy,,0,4dsso8,female,domestic_hb
2017-06-28 00:21:12,2017-06-28 00:39:59,IP Address,100,1126,True,2017-06-28 00:40:00,R_1Lbs9nndu3rrLF8,email,EN,40,20,14,68,70,12,Assurance Trainee,PwC,Accounting&Finance,22," Group Administrator/Team Administrator",Deloitte,Audit&Assurance,40,Slightly happy,0,,25j3s6,male,international_ha
2017-06-28 05:46:23,2017-06-28 05:55:59,IP Address,100,576,True,2017-06-28 05:56:00,R_1jfwFGlkyTZcREa,email,EN,23,22,21,60,60,21,Administrator PA Executive Assistant Office Manager London,Joseph Harry,Office and Admin,26,Talent Acquisition Manager,Annapurna HR,hr,40,Moderately happy,1,,3obphm,female,domestic_ha
2017-06-28 06:43:00,2017-06-28 06:45:31,IP Address,100,150,True,2017-06-28 06:45:32,R_5mx82aKTMn23mSZ,email,EN,999,555,500,50,60,900,Financial Analyst,JPMorgan,banking,30000,financial analyst,jpmorgan,"banking ",30000,Moderately happy,,6,k7t2z8,male,domestic_ha
2017-06-28 08:45:18,2017-06-28 09:02:26,IP Address,100,1027,True,2017-06-28 09:02:27,R_2AR917drPiRQkHH,email,EN,25,22,25,80,70,26,Project Manager - R&D,DePuy,"Science ",30,Innovation Programme Manger,PSD Group,IT,55,Moderately happy,0,,sd6pqe,female,international_hb
2017-06-27 15:45:11,2017-06-28 09:18:39,IP Address,100,63207,True,2017-06-28 09:18:39,R_Tu8LfmNciXiDoc1,email,EN,28,22,22,50,70,20,Admin PA Executive Assistant,Joseph Harry,IT Recruitment,30,Business Analyst,Incisive,Global investment management company,70000,Moderately happy,0,,gwvr66,female,noask
2017-06-27 16:06:28,2017-06-28 09:21:46,IP Address,100,62118,True,2017-06-28 09:21:47,R_1BQ0ClKZryPLB33,email,EN,25,25,21,64,60,18,Business Interest Trainer,Texture Ltd,"IT, Business ",35000,Senior consuktant,Venquis,Financr,65000,Moderately happy,,0,chm9o9,female,international_hb
2017-06-28 10:11:06,2017-06-28 10:27:11,IP Address,100,964,True,2017-06-28 10:27:11,R_1f2ABcSGcVkgXBj,email,EN,25,21000,22,80,50,18,Technical Author - Graduate/Junior,Edissero Ltd,IT,22000,Bi - Lingual Data Analyst,Hays Specialist Recruitment,IT,25000,Slightly unhappy,,0,rhehux,female,international_hb
2017-06-28 10:26:22,2017-06-28 10:32:44,IP Address,100,381,True,2017-06-28 10:32:45,R_2pWxzrR3H94WO4Z,email,EN,999,56,100,20,99,100,Professor,University of Essex,Education,200,e,e,e,200,Moderately happy,,1,mezcbd,female,noask
2017-06-28 10:46:18,2017-06-28 10:57:53,IP Address,100,694,True,2017-06-28 10:57:54,R_10TwJBTT5AHB1LK,email,EN,28,27,26,60,60,25,Sales Representative - Technology Sales,Bright Purple Resourcing,Sales and Marketing,22000,Graduate Development Lead,Annapurna HR,Finance,75000,Moderately happy,1,,akppxd,female,noask
2017-06-28 10:29:51,2017-06-28 11:20:30,IP Address,100,3038,True,2017-06-28 11:20:31,R_3DqFlIUJoGpE0TL,email,EN,22,24,23,90,60,26,Junior Project Management Officer,Aston Carter,Finance,30,Senior Consultant,Venquis,Finance,65,Slightly happy,0,,997hc2,male,international_hb
2017-06-28 11:35:35,2017-06-28 11:58:32,IP Address,100,1377,True,2017-06-28 11:58:33,R_2EmxYE7nmnsqw0L,email,EN,30,25,27,70,30,25,"Innovation program manager ",PSD group,IT,55,Graduate development lead,Terri Wickett,"Finance ",90,Moderately unhappy,,0,fhd5u6,female,noask
2017-06-28 12:00:55,2017-06-28 12:09:36,IP Address,100,520,True,2017-06-28 12:09:36,R_3ke2RZ1pKOV3D0J,email,EN,20,20,22,90,80,20,Project Manager Research & Development,Elevate Direct,Science,32,Inside Sales Consultant,Radley James,Sales and Marketing,45,Slightly happy,,0,sw93k9,female,domestic_ha
2017-06-28 12:22:22,2017-06-28 12:41:21,IP Address,100,1139,True,2017-06-28 12:41:22,R_27TGN6qdHChg0yV,email,EN,20,25,20,70,65,22,Graduate Wealth Adviser -- International,deVere Group,Finance,25,Junior Recruitment Consultant,IT Talent Solutions Ltd,Sales and Marketing,17,Moderately happy,0,,o7410,female,international_ha
2017-06-28 12:34:40,2017-06-28 12:52:41,IP Address,100,1081,True,2017-06-28 12:52:42,R_3rV5RXW2UH5qicR,email,EN,20,19,23,60,50,25,Junior ERP Consultant,"Incremental Group ",Accountancy,20,Management Consultant,Innovation Brain,Finance,30,Moderately unhappy,0,,oclgxf,female,domestic_hb
2017-06-28 12:20:45,2017-06-28 14:53:55,IP Address,100,9189,True,2017-06-28 14:53:55,R_qL92XHDvYBNluiR,email,EN,22,22,22,50,45,25,Assurance trainee,PwC,"Accounting ",22,"Recruitment consultant ",Allegis Group,HR,40,Slightly unhappy,10,,xsvkyx,male,noask
2017-06-28 14:54:35,2017-06-28 15:08:38,IP Address,100,842,True,2017-06-28 15:08:38,R_2TZCcuFoF2WNqLv,email,EN,23,30,20,50,49,20,"Inside Sales Consultant - Software/Technology ",Radley James Ltd,"IT, Sales and Marketing, Legal",30,"Inside Sales Consultant - Software/Technology ",Radley James Ltd,"IT, Sales and Marketing, Legal",30,Neither happy nor unhappy,,2,8z20nc,female,noask
2017-06-28 11:13:24,2017-06-28 15:46:13,IP Address,100,16368,True,2017-06-28 15:46:14,R_3hrlTcgTgzZw3I2,email,EN,999,999,25,78,50,27,"Graduate programme analyst ",Sola Technology Ltd,"Finance ",35,Graduate development lead,Annapurna HR,Finance,90,Moderately happy,0,,b281sn,female,domestic_ha
2017-06-28 18:30:26,2017-06-28 18:52:22,IP Address,100,1316,True,2017-06-28 18:52:22,R_1GKfaiT2bWraqRk,email,EN,28,21,30,15,75,35,RN Travel Nurse,HealthTrust Workforce Solutions,Healthcare,20,Partner Manager,Eden Smith Limited,IT,35,Moderately happy,,0,o68d9p,female,domestic_ha
2017-06-28 19:35:45,2017-06-28 19:49:02,IP Address,100,797,True,2017-06-28 19:49:03,R_1Hp32ABjxyrrgiK,email,EN,25,21,25,40,70,21,"Graduate data scientist ","Opus recruitment solutions ltd ","Computer science ",35,"Technical author ","Edissero Ltd ",IT,40,Extremely happy,,0,o78xh3,female,domestic_hb
2017-06-28 22:26:03,2017-06-28 22:34:37,IP Address,100,514,True,2017-06-28 22:34:38,R_3IWEMVUrIemWtCp,email,EN,20,20,20,45,25,20,Accountant manager,fintech,"Sales n marketing ",25,Account manager,Arcadia,It,30,Moderately happy,1,,9vgsrb,male,domestic_ha
2017-06-29 02:08:22,2017-06-29 02:16:18,IP Address,100,476,True,2017-06-29 02:16:19,R_3QJBcyQzoFDzESx,email,EN,22,264,25,75,10,25,graduate research analyst,computer people,IT,22,psychologist,none,mental health,25,Slightly happy,,0,319eus,female,international_ha
2017-06-29 07:52:48,2017-06-29 08:09:18,IP Address,100,989,True,2017-06-29 08:09:19,R_2v0rxpjJMuipP8J,email,EN,20,16,25,90,95,21,graduate career scheme,yoh,sales and marketing,20,Executive Resourcing Business Partner,barclays,hr,30,Moderately happy,,0,ysvnsf,female,international_ha
2017-06-29 10:40:34,2017-06-29 10:44:43,Survey Preview,100,249,True,2017-06-29 10:44:44,R_87dETHE5qyxeXRL,preview,EN,30,30,20,40,60,16,.,.,.,12,.,.,.,25,Moderately happy,,0,,,
2017-06-29 10:45:10,2017-06-29 10:46:36,Survey Preview,100,86,True,2017-06-29 10:46:37,R_3Jk4MYmh1KAcjTU,preview,EN,20,20,20,20,96,21,.,.,.,19,.,.,.,15,Slightly happy,3,,,,
2017-06-28 12:55:57,2017-06-29 11:23:42,IP Address,100,80864,True,2017-06-29 11:23:42,R_1mhlglTqLe0UjlB,email,EN,18,15,20,70,50,30,Student Hire - Recruitment Coordinator,Resource Solutions - EY,HR,19,Talent Acquisition Manager," Annapurna HR",HR,45,Neither happy nor unhappy,0,,nzzis0,female,international_ha
2017-06-29 11:17:35,2017-06-29 11:34:36,IP Address,100,1021,True,2017-06-29 11:34:37,R_1QFyBuRj9swmf3E,email,EN,25,23,25,75,60,21,Business analyst,Arc it,It,30,Principal developer,Tek systems,It,50,Slightly unhappy,0,,snzzkm,female,noask
2017-06-28 08:24:45,2017-06-29 11:49:15,IP Address,100,98669,True,2017-06-29 11:49:15,R_1QcPjwVegtsk3xb,email,EN,25,25,20,50,80,20,MANDARIN SPEAKING PROJECT COORDINATOR,Project People,"IT, Finance",25,Talent Acquisition Manager,Annapurna HR,HR,45,Neither happy nor unhappy,,1,3gncyw,female,noask
2017-06-29 12:42:16,2017-06-29 13:07:30,IP Address,100,1514,True,2017-06-29 13:07:30,R_2WVx3j3HIyZ7mai,email,EN,25,28,23,60,50,22,Graduate Recruitment Consultants,Testing Circle Limited,Recruitment,20,Graduate Development Lead,Annapurna HR,Finance,65,Slightly unhappy,0,,1wp229,male,noask
2017-06-29 15:12:36,2017-06-29 15:22:47,IP Address,100,610,True,2017-06-29 15:22:47,R_vOUVOaoW46pt59D,email,EN,18,22,18,50,50,22,Graduate Recruitment Consultant,Datasource,IT,18,Trainee Recruitment Consultant,Allegis group,Recruitment,25,Slightly happy,,1,ugbtks,female,domestic_ha
2017-06-29 17:17:46,2017-06-29 17:26:05,IP Address,100,499,True,2017-06-29 17:26:06,R_3pnKPfa6DnNkvHd,email,EN,22,30,22,75,80,22,Accounts Payable and Administration Clerk - Graduate/SAP,Stott and May,"IT, Finance, Office and Admin",20,Accounts Payable and Administration Clerk - Graduate/SAP,Stott and May,"IT, Finance ",20,Moderately happy,0,,m1wll,female,domestic_ha
2017-06-29 17:43:39,2017-06-29 17:54:26,IP Address,100,647,True,2017-06-29 17:54:27,R_3OraariICPkN4gE,email,EN,20,17,20,40,60,19,"Trainee recruitment consultant ","Hfg ","Sales and marketing ",18,"Management accounts assistant ","Workshop technologies ","Finance ",27,Moderately happy,,0,f0e5md,female,international_ha
2017-06-29 21:55:46,2017-06-29 22:14:52,IP Address,100,1145,True,2017-06-29 22:14:53,R_322ZQePuMkMkCwb,email,EN,20,18,28,40,70,25,Data Analyst,Clearwater People Solutions,IT,25,Senior Digital Analyst with Machine Learning,Logikk,IT,60,Neither happy nor unhappy,,10,xtba8q,male,noask
2017-06-29 23:56:16,2017-06-30 00:20:10,IP Address,100,1433,True,2017-06-30 00:20:10,R_2ah70sNLXSkm8iG,email,EN,20,20,20,70,65,25,SEO Consultant/Graduate/website/marketing/search engine,OpenSauce,"IT, Sales and Marketing",22,IT Project Manager,JM Group,IT,57,Slightly happy,0,,jr52i5,female,domestic_hb
2017-06-30 00:46:49,2017-06-30 01:15:42,IP Address,100,1733,True,2017-06-30 01:15:43,R_3n7RRuESEsJPTOv,email,EN,22,18,22,40,65,13,Summary writer,Experis IT,Legal,22,Building Services,Tozer,Engineering,22,Extremely unhappy,0,,r2wi1,female,domestic_hb
2017-06-30 15:49:46,2017-06-30 16:02:05,IP Address,100,738,True,2017-06-30 16:02:05,R_3KW7NeP6NGwElZD,email,EN,40,25,30,57,50,22,"Data Analyst ",networx,IT,30,Partner manager,Eden Smith,IT,80,Neither happy nor unhappy,,0,w8z3wf,male,international_hb
2017-06-30 17:42:31,2017-06-30 17:58:48,IP Address,100,976,True,2017-06-30 17:58:48,R_dgwU60mf53rv1hn,email,EN,20,18,20,40,50,18,Trainee Recruitment consultant,Gravitas Recruitment Group Ltd,"Sales and Marketing, HR",18,Administrator PA Executive Assistant Office Manager London,Joseph Harry Ltd,Office and Admin,30,Slightly unhappy,2,,g0bjd1,female,noask
2017-06-29 21:28:33,2017-06-30 21:00:08,IP Address,100,84694,True,2017-06-30 21:00:08,R_2TNsjUEo44oQ5j3,email,EN,24,20,24,5,80,20,NA,NA,NA,0,Analyst,Cambridge,Research,24,Slightly unhappy,,0,5wy4wc,female,domestic_hb
2017-07-01 20:52:36,2017-07-01 21:06:26,IP Address,100,830,True,2017-07-01 21:06:27,R_2U0ceYqy8zY3EM5,email,EN,30,25,25,69,55,21,Market data analyst,Ballintrae,"IT, Sales and Marketing",21,Graduate marketing executive,Understanding recruitment,"IT, Sales and Marketing",31,Slightly happy,1,,k83bff,female,international_ha
2017-07-02 11:22:45,2017-07-02 11:36:17,IP Address,100,811,True,2017-07-02 11:36:17,R_27rtWOespYFSk7N,email,EN,20,20,20,60,75,18,Research Executive,Havas Lynx,Sales and Marketing,20,Data Analyst/Sales and Market Analysis/Data Analysis/Manufacturing,networx,"IT, Sales and Marketing",30,Moderately happy,,2,56ofck,male,domestic_hb
2017-07-02 12:54:57,2017-07-02 13:15:31,IP Address,100,1233,True,2017-07-02 13:15:31,R_1fg7oAMgAUzycUJ,email,EN,27,22,27,65,75,27,Graduate Developer - Break into Banking,oliverbernard,IT,35,Principal Developer,TEKsystems,IT,75,Moderately happy,,1,sekbwi,male,noask
2017-07-02 18:38:38,2017-07-02 18:49:04,IP Address,100,625,True,2017-07-02 18:49:05,R_2AKnVdiOo3dVhfR,email,EN,30,27,25,20,40,25,"Management Accounting Assistant ",CIMA,Accounting,23,sales accountant manager,Cisco,Hardware,20,Moderately happy,3,,4ocbrt,female,noask
2017-07-02 20:59:49,2017-07-02 21:16:50,IP Address,100,1021,True,2017-07-02 21:16:51,R_pFS2nvpS3ARX8ad,email,EN,23,21,23,21,30,19,Technical Trainer,Tectre Limited,"Education, IT",40,Graduate Web Developer,Neaves & Neat Employment Services Ltd,It,40,Slightly unhappy,0,,7z9ick,male,international_ha
2017-07-03 16:57:15,2017-07-03 17:08:49,IP Address,100,693,True,2017-07-03 17:08:50,R_7NTZIuYLWW4IJsR,email,EN,20,999,20,43,45,20,Recruitment Consultant,Panoramic associated ltd,HR,20,Graduate recruitment consultant,"Gravitas recruitment group ",HR,120,Neither happy nor unhappy,,0,z4d7sy,female,international_ha
2017-07-03 17:02:06,2017-07-03 17:08:52,IP Address,100,405,True,2017-07-03 17:08:52,R_C1fbo5W6Z6KkTE5,email,EN,35,35,25,60,60,30,Account Executive,Havas lynx,Sales & Marketing,30,"Account Executive ",Havas lynx,Sales & Marketing,40,Neither happy nor unhappy,5,,fgg7d5,female,international_hb
2017-07-03 17:03:07,2017-07-03 17:10:21,IP Address,100,433,True,2017-07-03 17:10:21,R_27Vue25KGC52MGh,email,EN,28,26,20,60,60,24,Physiotherapist,BMI,Healthcare,22000,"Physiotherapist ",BMI,Healthcare,35000,Moderately happy,,0,flptbi,female,international_hb
2017-07-03 16:57:21,2017-07-03 17:10:38,IP Address,100,797,True,2017-07-03 17:10:39,R_2ruMqP5LHN7afUi,email,EN,22,21,22,80,60,20,Trainee Conference Producer : B2B Events,B2B Events,Events Management/Marketing,20,Partner Manager,Eden Smith,Marketing/Customer Relations,35,Slightly unhappy,,0,tgtupo,female,domestic_ha
2017-07-03 17:01:26,2017-07-03 17:12:12,IP Address,100,646,True,2017-07-03 17:12:13,R_e5wvwgY7Tf1QPjr,email,EN,15,15,20,75,50,20,Retail/Sales Assistant,Apollo Advertising Ltd,Sales and Marketing,20,Pharmaceutic Sales Representative,Experis IT,"Sales and Marketing, Science",25,Moderately unhappy,,4,e3imii,male,international_hb
2017-07-03 17:03:14,2017-07-03 17:22:08,IP Address,100,1134,True,2017-07-03 17:22:09,R_2eOqN7FYD0AMPJC,email,EN,25,19000,26,65,49,18,Administrator PA Executive Assistant Office Manager London,Joseph Harry Ltd,Office and Admin,27,Rehabilitation Consultant - Townsville,Sterning Health,Healthcare,40,Moderately happy,,5,7kr25s,female,noask
2017-06-27 15:26:17,2017-07-03 18:11:10,IP Address,100,528293,True,2017-07-03 18:11:11,R_3ma8i3Xr9LiLuQT,email,EN,25,21,21,94,99,18,Entry Level Business Development Representative,Kerr Recruitment,Advertising,25000,Innovation program manager,IT communications ltd,Operations,55,Slightly happy,0,,oatnxe,female,domestic_ha
2017-06-26 00:30:12,2017-06-26 13:32:34,IP Address,20,46942,False,2017-07-03 18:25:30,R_1K7HRTmwKvAz1Vc,anonymous,EN,434,333,,,,,,,,,,,,,,,,,,
2017-06-27 17:30:43,2017-07-03 19:34:53,IP Address,100,525850,True,2017-07-03 19:34:54,R_1NCa3SlZKA2Fnw0,email,EN,24,15,24,30,50,24,Null,Null,Null,0,Null,Null,Null,0,Slightly happy,,3,bxd7cg,female,international_ha
2017-07-03 20:22:37,2017-07-03 20:29:39,IP Address,100,421,True,2017-07-03 20:29:39,R_1C1QGoL461d124U,email,EN,25,25,25,68,60,22,lab technician,university of essex,education,25,lab manager,university of essex,education,30,Extremely happy,,10,qlw2yw,female,noask
2017-07-03 20:40:25,2017-07-03 20:49:04,IP Address,100,519,True,2017-07-03 20:49:05,R_vIz7TXeuIw6A9sB,email,EN,21,21.5,21,60,25,22,Graduate data scientist,Opus solutions,IT,35,Data scientist,Opus solutions,IT,40,Slightly happy,1,,8fslco,female,domestic_hb
2017-07-03 20:57:20,2017-07-03 21:28:08,IP Address,100,1847,True,2017-07-03 21:28:10,R_3KVn6Ea1PTsLsw4,email,EN,35,30,30,88,80,27,IT Support/Network Support/Web Support,MLR Associates,IT,25,Head of IT - Retail,I-X Consultants,IT,60,Neither happy nor unhappy,0,,o12a6f,male,noask
2017-07-03 22:09:46,2017-07-03 22:22:19,IP Address,100,752,True,2017-07-03 22:22:19,R_3Gxg3X6llYaX6r8,email,EN,30,25,20,70,70,25,"Graduate Programme Analyst ",SOLA,Economicss,35,Executive Resourcing Business Partner,Barclays,Banking,80,Extremely happy,,1,ubjcvu,male,noask
2017-07-03 22:50:24,2017-07-03 23:41:46,IP Address,100,3082,True,2017-07-03 23:41:46,R_2RXqedDqzzrBOCg,email,EN,19,19,20,40,50,21,Recruitment Consultant,Roc Search,Consulting,30,"Graduate internal recruiter ",St Albans,Recruitment,25,Moderately unhappy,,0,5ndxle,female,domestic_ha
2017-07-04 00:29:33,2017-07-04 00:37:05,IP Address,100,452,True,2017-07-04 00:37:06,R_2tLlKxkgVYWeP6x,email,EN,26,25,25,85,40,22,Digital Analyst in Machine Learning,Logikk,IT,40,Chief Scientist,Networking People,IT,160,Moderately happy,5,,vkooj7,male,noask
2017-07-04 03:46:11,2017-07-04 03:55:00,IP Address,100,528,True,2017-07-04 03:55:01,R_2ZV6zIVwjVTMLsH,email,EN,40,40,25,60,60,25,Graduate Data Analyst Support Job,`Computer People,IT,25,Cheif Scientist,NP Group,Science,150,Slightly happy,,0,nnzc9n,male,noask
2017-07-04 13:47:52,2017-07-04 13:58:47,IP Address,100,654,True,2017-07-04 13:58:47,R_27fHGQrdqYAG0uf,email,EN,14,12,18,80,35,18,Criminology,No result,Sorry,18,I,Can't,Find something of interest,18,Moderately happy,,10,loyp30,male,domestic_hb
2017-06-27 15:14:20,2017-06-27 15:16:46,IP Address,40,145,False,2017-07-04 15:16:48,R_3ixbc7AqKNgDQlJ,email,EN,50,45,15,60,75,25,,,,,,,,,,,,uhsgbr,female,domestic_ha
2017-07-04 15:25:24,2017-07-04 15:36:09,IP Address,100,645,True,2017-07-04 15:36:10,R_2VsDYEu3XtzNKqJ,email,EN,18,18,19,80,80,19,Pharmaceutical Sales Rep,Experis IT,"Sales and Marketing, Science",20,Chief Scientist,Networking People (UK),Science,120,Slightly unhappy,0,,fyizer,male,international_ha
2017-06-27 15:57:52,2017-06-27 16:03:41,IP Address,40,348,False,2017-07-04 16:03:47,R_1Nq66qM435WXpcn,email,EN,26,21,23,40,70,16,,,,,,,,,,,,jihxbr,female,international_ha
2017-06-27 16:16:28,2017-06-27 16:31:49,IP Address,40,920,False,2017-07-04 16:31:50,R_3MbAxqC8zL97WYD,email,EN,900,12,20,47,50,15,,,,,,,,,,,,ryfeqf,female,international_ha
2017-06-27 16:29:36,2017-06-27 16:50:32,IP Address,40,1255,False,2017-07-04 16:50:52,R_1HieVTdB179cuAb,email,EN,21,19,19,75,60,15,,,,,,,,,,,,1ds1vb,female,international_ha
2017-07-04 17:08:39,2017-07-04 17:22:27,IP Address,100,827,True,2017-07-04 17:22:27,R_0CDktjg7R5splIZ,email,EN,60,45,10,35,28,35,Trainee broker,Delphi Derivatives,Insurance,20,Junior developer,Markish,Ict,40,Moderately unhappy,0,,7hzzg6,female,noask
2017-06-27 17:21:42,2017-06-27 17:34:39,IP Address,42,777,False,2017-07-04 17:34:44,R_3QEMsT47o1zUDnj,email,EN,25,25,20,30,80,18,Teach English in China,EF English First,Education,30,,,,,,,,k3ltp6,female,international_ha
2017-06-27 19:45:05,2017-06-27 19:46:54,IP Address,40,109,False,2017-07-04 19:47:05,R_10MX7WlfBZgNp0u,email,EN,35,25,35,85,67,30,,,,,,,,,,,,8m1xk0,male,international_ha
2017-06-27 23:18:29,2017-06-27 23:21:34,IP Address,20,184,False,2017-07-04 23:21:36,R_ApQhkCwfF5HtLvH,email,EN,22,19,,,,,,,,,,,,,,,,u81rlc,female,noask
2017-06-28 01:19:37,2017-06-28 01:21:13,IP Address,11,96,False,2017-07-05 01:21:24,R_11711VLWHEodblV,email,EN,,,,,,,,,,,,,,,,,,arr9z8,female,noask
2017-07-04 21:49:37,2017-07-05 06:41:57,IP Address,100,31939,True,2017-07-05 06:41:57,R_1AZvcTz5YsCqlPj,email,EN,20,18,19,35,30,18,Retail assistant,Apollo advertising ltd,Sales And marketing,19,Radio producer,BBC Essex,Journalism,20,Neither happy nor unhappy,0,,a50vsk,female,domestic_ha
2017-06-28 07:25:06,2017-06-28 07:25:46,IP Address,11,39,False,2017-07-05 07:26:13,R_2sYYlWL6NmUhCCE,email,EN,,,,,,,,,,,,,,,,,,pqzb80,female,noask
2017-06-28 10:07:01,2017-06-28 10:11:58,IP Address,40,297,False,2017-07-05 10:12:05,R_3jVUcyTqFblU2tM,email,EN,25,22,22,80,80,20,,,,,,,,,,,,27ssix,female,noask
2017-06-28 19:49:41,2017-06-28 20:17:45,IP Address,40,1684,False,2017-07-05 20:18:17,R_2vdLriuK2wjAtms,email,EN,21,16,23,80,80,21,,,,,,,,,,,,6wmtub,female,international_ha
2017-06-28 20:22:47,2017-06-28 20:25:41,IP Address,40,174,False,2017-07-05 20:25:52,R_6KiWGTiYhHJglUZ,email,EN,24,26,21,96,98,18,,,,,,,,,,,,tf772e,other,noask
2017-07-03 17:25:40,2017-07-03 17:39:33,IP Address,98,832,False,2017-07-06 09:37:41,R_ANliruyPJvh1uc9,email,EN,19,17000,21,35,60,16,"Business development manager ","It global limited ","Sales and marketing ",24000,"Business analyst ",Incisive ltd,IT,80,Neither happy nor unhappy,0,,v8pyhi,female,domestic_ha
2017-06-29 20:20:07,2017-06-29 20:43:15,IP Address,98,1387,False,2017-07-06 09:38:20,R_818wuhK20UjoouZ,email,EN,23,19,24,20,35,23,Trainee Recruitment Consultant x4 - Rapid Progression,Allegis Group,"Sales and Marketing, HR, Consulting",25,Graduate Recruitment Consultant,Gravitas Recruitment Group,"IT, HR",40,Moderately happy,2,,g7ssdl,female,international_hb
2017-07-06 11:40:16,2017-07-06 11:49:34,IP Address,100,558,True,2017-07-06 11:49:34,R_31S4FwHNHnJaY3N,email,EN,22,22,22,70,45,20,Graduate Recruitment/Sales Consultant,venturi,Recruitment/ HR,40,Graduate Recruitment/Sales Consultant,Venturi,Recruitment/ HR,55,Extremely happy,,0,z33tfy,female,noask
2017-07-06 11:47:37,2017-07-06 11:51:20,IP Address,100,223,True,2017-07-06 11:51:21,R_2Yb1rUXt5IOb6AR,email,EN,36,35,20,10,30,17,Staff Assistant,PwC,Accounting,19,Staff Assistant 2,PwC,Auditing,26,Moderately happy,1,,ahpmio,female,domestic_hb
2017-06-29 16:02:23,2017-06-29 16:14:33,IP Address,40,730,False,2017-07-06 16:14:34,R_1He584viIU4y8cb,email,EN,36,24,23,68,50,22,,,,,,,,,,,,sy5pao,female,domestic_hb
2017-06-29 21:06:39,2017-06-29 21:12:35,IP Address,42,355,False,2017-07-06 21:12:38,R_2R4e9bScVIdvXrA,email,EN,23,23,21,68,40,25,Student Recruitment Coordinator,KPMG,SALES AND MARKETING,18,,,,,,,,miswk5,female,domestic_ha
2017-07-07 09:36:26,2017-07-07 09:53:05,IP Address,100,998,True,2017-07-07 09:53:05,R_3Jz8T8GzeJ7SP8g,email,EN,35,24,25,90,40,27,Graduate it support analyst,Monarch recruitment ltd,It,25,Cloud security architect,Modis,It,80,Moderately happy,0,,befsd7,male,domestic_hb
2017-06-30 17:41:50,2017-06-30 17:45:59,IP Address,40,248,False,2017-07-07 17:46:42,R_1pLRfypkLI22uRF,email,EN,25,22,25,63,28,18,,,,,,,,,,,,h9v20f,female,international_ha
2017-07-07 19:43:53,2017-07-07 19:51:24,IP Address,100,450,True,2017-07-07 19:51:24,R_ULPXUhpCphfFSMh,email,EN,15,10,20,12,40,20,SEN Teaching Assistant,SEN LSA,Teaching,12,RN travel nurse,RN,Teaching,15,Slightly unhappy,0,,jw88qp,female,international_hb
2017-07-07 20:14:32,2017-07-07 20:23:58,IP Address,100,566,True,2017-07-07 20:23:59,R_3j2mcEHL0xF4Qw8,email,EN,27,20,18,50,30,25,"Junior Data Services Analyst ",Hammersmith and Fulham,sales and marketing,22,"Graduate Marketing Executive (Data) ",understanding recruitment,sales and marketing,28,Neither happy nor unhappy,0,,xxxycc,female,noask
2017-07-07 23:56:23,2017-07-08 00:03:09,IP Address,100,406,True,2017-07-08 00:03:10,R_2cnePvAVT5hlQxT,email,EN,30,20,21,40,85,18,Researcher,Bayer,Phaasuiticals,25,Research executive,Cambrige,Data analysis,30,Moderately happy,0,,9tga3v,female,international_ha
2017-07-08 01:10:03,2017-07-08 01:19:13,IP Address,100,550,True,2017-07-08 01:19:14,R_1LdhLKwHW9muvAT,email,EN,999,200,200,60,40,2,SEN Teaching Assistant,Academics Ltd,Psychology,22,Cover Supervisor/Instructor,Academics Ltd,Education,25,Slightly unhappy,,0,e8xttd,female,international_ha
2017-07-10 11:37:53,2017-07-10 11:49:14,IP Address,100,681,True,2017-07-10 11:49:14,R_3MRHYPhHZBLCu2V,email,EN,25,18,25,90,90,25,Teaching Assistant,School,Education,19000,Teacher,School,Educatuob,42000,Slightly happy,0,,i8pye5,male,noask
2017-07-10 12:14:32,2017-07-10 12:29:57,IP Address,100,925,True,2017-07-10 12:29:57,R_ZduVcZ7sBatlWtX,email,EN,30,22,30,70,45,18,Business Development Manager,IT GLOBAL (UK) Limited,"Sales and Marketing, Office and Admin",40,Leadership/Managerial positions,Nigel Frank International,Sales and Marketing,60,Extremely happy,,4,nnhrwt,male,domestic_ha
2017-07-10 12:35:23,2017-07-10 12:44:34,IP Address,100,551,True,2017-07-10 12:44:35,R_2CiVO7tLH2IW8Hn,email,EN,26,24000,22,40,80,21,Graduate Marketing Executive (Data),Understanding Recruitment,Marketing,28000,Innovation Program Manager,JSP,IT,55,Moderately unhappy,,0,p561ea,female,noask
2017-07-10 13:07:51,2017-07-10 13:12:17,IP Address,100,266,True,2017-07-10 13:12:18,R_2yabEeYNLHHUWqO,email,EN,200,30,30,80,50,40,pr,apple,apple,70,pr,apple,apple,100,Slightly happy,0,,3ecp4e,female,international_hb
2017-07-03 16:52:31,2017-07-10 13:19:29,IP Address,100,592018,True,2017-07-10 13:19:30,R_2B5vR1VKcaixfnc,email,EN,35,18,20,20,20,20,Web Developer,Microsoft,IT,25,"Junior Developer - C#, WPF - Romford",Montash,IT,40,Moderately happy,,1,i1ejln,male,noask
2017-07-10 13:33:17,2017-07-10 13:46:13,IP Address,100,776,True,2017-07-10 13:46:13,R_DjwLWBtKRU6MofL,email,EN,30,27,25,90,85,25,"Graduate/trainee internal recruitment ",Hunter Macdonald,It/HR,17,Software project designer,"GO IT Recruitment Limited ","IT, engineering, consulting ",45,Moderately happy,2,,mw4fon,female,noask
2017-07-10 13:27:51,2017-07-10 14:00:17,IP Address,100,1946,True,2017-07-10 14:00:18,R_0V5Rq3A85Us3FrX,email,EN,28,25,23,58,58,21.5,Graduate Data Scientist,Harvey Nash Plc,IT,22,Graduate Data Scientist,Computer People,It,35,Extremely unhappy,5,,lpyc0r,female,domestic_ha
2017-07-10 13:57:05,2017-07-10 14:08:13,IP Address,100,668,True,2017-07-10 14:08:14,R_ODRec4lb153TyxP,email,EN,18,22,21,78,50,21,Credit Risk Analyst,Oliver James Associates," Finance",30,Insurance Business Analyst," JM Group",Finance,60,Moderately happy,,1,vq080z,male,international_hb
2017-07-03 17:41:21,2017-07-03 17:41:26,IP Address,2,4,False,2017-07-10 17:42:00,R_3nejUMpnMDwBCYH,email,EN,,,,,,,,,,,,,,,,,,cccsdl,male,international_ha
2017-07-03 16:49:33,2017-07-03 17:55:10,IP Address,42,3937,False,2017-07-10 17:55:19,R_tLFOk7Jh0FCqYed,email,EN,23,23,24,45,56,20,"Graduate trainee consultant ","Not mentioned ","Finance ",22000,,,,,,,,ggrl5c,female,noask
2017-06-27 21:16:09,2017-07-03 18:03:45,IP Address,42,506855,False,2017-07-10 18:03:56,R_2wt5dAOqdlicslH,email,EN,32,18.5,23,25,42,21,GM,Vital,Hospitality,26000,,,,,,,,mlkhwm,male,noask
2017-07-05 15:38:31,2017-07-10 19:16:27,IP Address,100,445076,True,2017-07-10 19:16:27,R_BqVY6bZeHdXYpcl,email,EN,22,18,24,50,40,21,"Administrator PA executive assistant ",Joseph Harry ltd,IT,26,Community manager,"Talent interna?ional ",IT,30,Slightly happy,1,,oomdw3,female,noask
2017-07-03 21:57:14,2017-07-03 22:15:11,IP Address,40,1076,False,2017-07-10 22:15:12,R_3MhYWqfbd5Z7H98,email,EN,30,25,30,20,35,27,,,,,,,,,,,,3mnm9b,female,noask
2017-06-29 01:37:52,2017-07-04 06:22:00,IP Address,18,449048,False,2017-07-11 06:22:26,R_1CBdAOS41BwGqdi,email,EN,140,100,,,,,,,,,,,,,,,,s9fyd,female,domestic_hb
2017-07-04 10:39:58,2017-07-04 10:43:03,IP Address,27,185,False,2017-07-11 10:43:26,R_1nUg8RQsGYtriPV,email,EN,20,20000,20,,,,,,,,,,,,,,,9z9vu9,male,international_ha
2017-07-09 15:49:31,2017-07-09 16:01:58,IP Address,42,746,False,2017-07-11 11:28:17,R_bge2Pof1jA2wgdb,email,EN,40,40,22,60,45,30,International Trainee Recruitment Consultant,International Trainee Recruitment Consultant: McGregor Boyall,HR,22,,,,,,,,157od2,male,domestic_ha
2017-07-06 12:24:00,2017-07-07 08:32:01,IP Address,42,72481,False,2017-07-11 11:28:23,R_2BbbrAZVUbBVZ12,email,EN,25,18,21,30,75,18,Retail/Sales Assistant,Apollo Advertising,Sales,16,,,,,,,,zzb3bm,female,international_hb
2017-07-05 01:55:58,2017-07-05 01:56:18,IP Address,9,19,False,2017-07-11 11:28:25,R_1N4eQIOwHe9SpIW,email,EN,,,,,,,,,,,,,,,,,,ihx2eg,male,noask
2017-06-28 18:30:31,2017-07-04 20:15:43,IP Address,4,524711,False,2017-07-11 11:28:29,R_2tlJ8p2Q6WHK8MI,email,EN,,,,,,,,,,,,,,,,,,l964kj,female,international_ha
