ResponseID	ResponseSet	StartDate	EndDate	Finished	code	gender	firstasktreat	thankyouemploy	Q40	vignettebackground	interviewers	answersmatter	salaryrequest1	medsalaryguess	medsalarytold	Q35	vignetteagain	Q36	salaryrequest2	Q23	anspctgradjob	guesspctwork	anspctwork	guessavgsalary	ansavgsalary	Q17_1_TEXT	Q17_2_TEXT	Q17_3_TEXT	Q17_4_TEXT	Q18_1_TEXT	Q18_2_TEXT	Q18_3_TEXT	Q18_4_TEXT	current_happiness_1	ask_stc_10_mx25	ask_cruk_10_mx25a	Q19	DO-BR-FL_21	DO-BR-FL_22	DO-BR-FL_100	DO-BR-FL_132	DO-BR-FL_133	DO-BR-FL_138	DO-BR-FL_120	DO-BR-FL_121	DO-BR-FL_126	DO-BR-FL_108	DO-BR-FL_109	DO-BR-FL_114	DO-BR-FL_144	DO-BR-FL_145	DO-BR-FL_150	DO-BR-FL_158	DO-BR-FL_159	DO-BR-FL_164
R_2wGn2o3l5JIhp8Y	Default Response Set	27.06.2017 15:08	27.06.2017 15:11	1	ygujk4	male	domestic_hb	1	1	1	1	1	30	21	1	1	1	1	30	70	1	50	1	25	1	Quantity Surveyor	MPP	Construction	32	Quantity Surveyor	noot	Construction	50	Extremely unhappy		0	1										FL_114		FL_117|FL_115						
R_3e39BXZdCiRbcyL	Default Response Set	27.06.2017 15:05	27.06.2017 15:12	1	7g10ue	male	noask	1	1	1	1	1	700	650	1	1	1	1	21	60	1	30	1	16	1	Partner Manager	Connect	Accounting/Management	21	Business Analysist 	Incisive Ltd	It	80	Slightly happy	0		1	FL_22	FL_98|FL_97																
R_3L746xMKNNR22IX	Default Response Set	27.06.2017 15:07	27.06.2017 15:18	1	5p56no	female	noask	1	1	1	1	1	20	25	1	1	1	1	25	95	1	50	1	25	1	Graduate Recruitment Consultant (London - 5 places left!) 	Gravitas Recruitment Group 	Recruitment 	18	Graduate Recruitment Consultant - Reading 	Roc Search 	IT and Engineering 	40	Moderately happy		0	1	FL_100		FL_101|FL_103															
R_3PFh8BFJ9ZXaY50	Default Response Set	27.06.2017 15:07	27.06.2017 15:18	1	vem2n0	female	domestic_hb	1	1	1	1	1	19	20	1	1	1	1	21	80	1	60	1	60	1	Junior/Graduate Digital Website and Product Administrator	Mortimer Spinks a trading division of Harvey Nash Plc	digital marketing	20	Junior/Graduate Digital Website and Product Administrator	Mortimer Spinks a trading division of Harvey Nash Plc	digital website	26	Slightly happy	1		1										FL_109	FL_112|FL_110							
R_1mK2HZLqoHjjNWG	Default Response Set	27.06.2017 15:09	27.06.2017 15:20	1	119jxb	male	international_hb	1	1	1	1	1	35	32	1	1	1	1	20	15	1	65	1	26	1	Teacher	EF English First	Education	22250	Teacher	EF English First	Education 	30000	Moderately happy	0		1				FL_133	FL_136|FL_134													
R_1pAqHDDW0fqmSko	Default Response Set	27.06.2017 15:06	27.06.2017 15:20	1	4i90t0	female	noask	1	1	1	1	1	24	19	1	1	1	1	17	83	1	54	1	21	1	Product owner 	MA	retail	182	Account Manager	Fin tech	sales	35	Moderately unhappy	0		1	FL_22	FL_97|FL_98																
R_3g2dbdePz27Bhv3	Default Response Set	27.06.2017 15:10	27.06.2017 15:21	1	ajic3u	male	domestic_hb	1	1	1	1	1	24	23	1	1	1	1	23	91	1	30	1	23	1	Graduate Software Engineer	Not Specified	IT	33	Senior Software Engineer	Not Specified	IT	50	Moderately happy		0	1										FL_114		FL_115|FL_117						
R_1hA8mQ3ZIrKCE1G	Default Response Set	27.06.2017 15:15	27.06.2017 15:26	1	ixbfx9	female	noask	1	1	1	1	1	25	20	1	1	1	1	25	30	1	60	1	20	1	"Client Support Analyst - Foreign Exchange, Broking services"	Agency	Finance	25	Corporate Actions Analyst	agency	finance	27	Moderately happy		1	1	FL_100		FL_101|FL_103															
R_OHbGDrGRhcmgcZX	Default Response Set	27.06.2017 15:09	27.06.2017 15:26	1	hxdae2	female	international_hb	1	1	1	1	1	20	20	1	1	1	1	20	75	1	55	1	20	1	Trainee Recruitment Consultant 	Opus Recruitment Solutions 	HR	20	New Business Development Executive/Software Sales	Big Red Recruitment	"IT, Sales and Marketing"	33	Neither happy nor unhappy		0	1				FL_138		FL_141|FL_139												
R_2VQqjNwtnkhtspe	Default Response Set	27.06.2017 15:14	27.06.2017 15:27	1	943ses	male	domestic_hb	1	1	1	1	1	30	30	1	1	1	1	20	75	1	40	1	20	1	Research Analyst	Understanding Recruitment	Technology	30	Business Analyst	Incisive Ltd	Finance	80	Neither happy nor unhappy	0		1										FL_109	FL_112|FL_110							
R_1od6bbhvaLxCTIG	Default Response Set	27.06.2017 15:10	27.06.2017 15:27	1	tz5xwh	female	noask	1	1	1	1	1	19	24	1	1	1	1	19	30	1	70	1	15	1	Graduate content administrator 	Unknown 	Media	20	Project manager 	Unknown 	Media	30	Moderately happy		0	1	FL_100		FL_101|FL_103															
R_2UfTnRpCgLkjb6t	Default Response Set	27.06.2017 15:07	27.06.2017 15:31	1	kv58e4	female	domestic_hb	1	1	1	1	1	30	22	1	1	1	1	20	78	1	15	1	20	1	market data analysts/graduate trainee	ballintrea	"it, sales and marketing"	16	Project Manager Research and Development	elevate	science	32	Slightly unhappy		0	1										FL_114		FL_115|FL_117						
R_1q9bj20YuMEMn5o	Default Response Set	27.06.2017 15:07	27.06.2017 15:31	1	w0a1sn	male	noask	1	1	1	1	1	25	23	1	1	1	1	25	55	1	88	1	26	1	Infrastructure Support	Net Talent	IT	25	Senior Developer	Spectrum IT	IT	50	Neither happy nor unhappy	0		1	FL_22	FL_98|FL_97																
R_exs43FfrIo8c1nr	Default Response Set	27.06.2017 15:22	27.06.2017 15:33	1	y1fqpj	female	international_hb	1	1	1	1	1	20	22	1	1	1	1	22	60	1	60	1	17	1	Travel Nurse	RN	N/A	15	Nurse	Nhs	N/a	26	Moderately happy		0	1				FL_138		FL_141|FL_139												
R_PYBJ9hpdqZNc493	Default Response Set	27.06.2017 15:16	27.06.2017 15:33	1	qi42p2	male	noask	1	1	1	1	1	21	21	1	1	1	1	18	35	1	60	1	21	1	Teach English in China	EF English First	Education	30	Partner Manager	Eden Smith Limited	IT	35	Slightly happy		0	1	FL_100		FL_103|FL_101															
R_3FLh1hzP1Sy2Z59	Default Response Set	27.06.2017 15:24	27.06.2017 15:33	1	yqrczc	female	domestic_hb	1	1	1	1	1	25	18	1	1	1	1	25	20	1	30	1	20	1	ACCOUNT MANAGER	Canary Wharf	Fintech	35	account manager	Canary Wharf	fintech	40	Neither happy nor unhappy	9		1										FL_109	FL_110|FL_112							
R_9KuHX4hbB7UQAoN	Default Response Set	27.06.2017 15:20	27.06.2017 15:35	1	1k53kg	male	international_ha	1	1	1	1	1	20	15	1	1	1	1	22	15	1	40	1	20	1	Junior/Graduate Software Position	eCommerce Co. - Brighton	IT	20	"Management Accounts Assistant - CIMA, Graduate, London, Permanent"	The Workshop Technologies Ltd	Finance	25	Neither happy nor unhappy		0	1							FL_126		FL_127|FL_129									
R_2rYMPZWvXKVA1is	Default Response Set	27.06.2017 15:27	27.06.2017 15:35	1	crb3e2	male	noask	1	1	1	1	1	24	19	1	1	1	1	22	52	1	35	1	23	1	Graduate Content Administrator	Lorien	E-commerce	18000	Recruitment Coordinator	Resource Solutions	Recruitment	20000	Neither happy nor unhappy	0		1	FL_22	FL_98|FL_97																
R_3nSJJ0WAS2YJKIW	Default Response Set	27.06.2017 15:08	27.06.2017 15:35	1	9kvf9x	female	domestic_hb	1	1	1	1	1	25	30	1	1	1	1	23	60	1	45	1	20	1	"International Market Research Officer, Communications and External Relations"	University of Essex	Communications and External Relations	29301	Trainee Broker	Delphi Derivatives	Finance	20000	Slightly unhappy		0	1										FL_114		FL_115|FL_117						
R_1ign1p5NBHXqf5d	Default Response Set	27.06.2017 15:07	27.06.2017 15:39	1	mvnvbd	female	international_ha	1	1	1	1	1	25	20	1	1	1	1	30	60	1	80	1	25	1	Accounts Manager	Fintech	"IT, Finance, Sales, Marketing"	35	Senior Consultant	Venquis LTD	Finance	65	Slightly unhappy		0	1							FL_126		FL_129|FL_127									
R_W6dfOkpuIbjBNVn	Default Response Set	27.06.2017 15:35	27.06.2017 15:44	1	qt3bnq	female	noask	1	1	1	1	1	18	15	1	1	1	1	22	40	1	30	1	20	1	Teach english in china	Ef english first	Teaching 	25	Cant see one	N/a	Dunno	350	Neither happy nor unhappy		0	1	FL_100		FL_101|FL_103															
R_2rZof3ZHLBmtdIK	Default Response Set	27.06.2017 15:35	27.06.2017 15:44	1	fajrx6	female	international_hb	1	1	1	1	1	20	20	1	1	1	1	25	70	1	50	1	18	1	Accounts Assistant	Lynx recruitment	Finance	18	Credit controller	nine	finance	25	Moderately happy	0		1				FL_133	FL_136|FL_134													
R_1hRJNtYLTJw5FvF	Default Response Set	27.06.2017 15:31	27.06.2017 15:44	1	rrmy78	female	international_hb	1	1	1	1	1	30	20	1	1	1	1	18	20	1	15	1	15	1	Trainee Lawyer	Law firm 	Law firm 	18	Trainee Lawyer	Law firm 	Law firm 	18	Slightly happy	0		1				FL_133	FL_134|FL_136													
R_3HUON62tZsCpuTJ	Default Response Set	27.06.2017 15:32	27.06.2017 15:45	1	mg8xvk	female	noask	1	1	1	1	1	24	21	1	1	1	1	24	40	1	50	1	20	1	Recruitment Consultant	Roc Search Limited	Sales and Marketing	18	Business Development Executive	Swindale Parks Limited	Sales and Marketing	35	Neither happy nor unhappy	5		1	FL_22	FL_97|FL_98																
R_1gRyGuhfW76MdVE	Default Response Set	27.06.2017 15:28	27.06.2017 15:47	1	srxpx1	female	domestic_hb	1	1	1	1	1	25	20	1	1	1	1	22	70	1	60	1	25	1	Graduate IT Support Consultant	Capita Resourcing IT	IT	19	Software Developer IT Trainer (.NET Framework)	Bridgewater Resourcing Solutions Ltd	"IT, Education"	35	Moderately unhappy	0		1										FL_109	FL_110|FL_112							
R_1mkjKu4J8wAwRPb	Default Response Set	27.06.2017 15:37	27.06.2017 15:51	1	gl7r7w	female	international_hb	1	1	1	1	1	30	30	1	1	1	1	25	25	1	60	1	25	1	Graduate Marketing Designer	Tangent international	Media	41600	System Administrator	Evolution Recruitment Solutions Ltd	IT	40	Slightly happy		3	1				FL_138		FL_141|FL_139												
R_11cOTEadfRnsmrg	Default Response Set	27.06.2017 15:35	27.06.2017 15:58	1	gw86b2	male	noask	1	1	1	1	1	23	23	1	1	1	1	24	90	1	70	1	20	1	Graduate Analyst	ReThink Recruitment	"IT, Finance"	27	Account Manager	DCM Executive Search	"IT, Finance, Sales and Marketing"	35	Neither happy nor unhappy		1	1	FL_100		FL_101|FL_103															
R_28Gt6KXeWQeMVyK	Default Response Set	27.06.2017 15:44	27.06.2017 16:01	1	f081om	female	international_ha	1	1	1	1	1	28	25	1	1	1	1	22	62	1	88	1	27	1	Lead Risk Modeller	GCS	Finance	25	Insurance Analyst	Mills Goodwin Talent Network	"IT, Finance"	40	Moderately happy	2		1							FL_121	FL_122|FL_124										
R_277DcuURBqhTRaH	Default Response Set	27.06.2017 16:06	27.06.2017 16:10	1	38424n	male	domestic_hb	1	1	1	1	1	30	22	1	1	1	1	34	60	1	60	1	20	1	Recruitment consultant	Hays	Recruitment	20	Investment manager	Mitsubishi	Finance	45	Moderately happy		0	1										FL_114		FL_117|FL_115						
R_DSGx6h9ZgqhrUB3	Default Response Set	27.06.2017 16:01	27.06.2017 16:11	1	qndwgd	male	international_ha	1	1	1	1	1	40	50	1	1	1	1	20	60	1	60	1	18	1	Account Manager	Fine Tech	Sales	35	SAP MM Lead	Montash	IT	80	Moderately happy	0		1							FL_121	FL_124|FL_122										
R_3F2wUZF9IEj8agl	Default Response Set	27.06.2017 16:03	27.06.2017 16:14	1	bq01pq	female	domestic_hb	1	1	1	1	1	22	20	1	1	1	1	20	50	1	65	1	20	1	Teaching English in China	EF English first	Education	18	Talent and Devlopment Consultant	Annapurna HR	HR	55	Slightly happy	0		1										FL_109	FL_110|FL_112							
R_3L7GaF2y1hWVeYM	Default Response Set	27.06.2017 16:06	27.06.2017 16:18	1	6m8s0x	female	domestic_hb	1	1	1	1	1	21	19	1	1	1	1	21	35	1	25	1	25	1	Graduate Marketing Design	Tangent International	"Sales and Marketing, Media"	41	Business Development Executive 	Swindale Parks Limited 	Sales and Marketing 	35	Moderately happy	0		1										FL_109	FL_112|FL_110							
R_20ZHtLjCcYkVaa9	Default Response Set	27.06.2017 16:12	27.06.2017 16:22	1	phov1o	female	international_ha	1	1	1	1	1	25	22	1	1	1	1	22	60	1	20	1	22	1	"Graduate Analyst, Excellent Academic Record"	Monarch	Finance	23	Senior Consultant	Venquis	Finance	65	Moderately unhappy		0	1							FL_126		FL_129|FL_127									
R_1hMibVpOJOAnmEL	Default Response Set	27.06.2017 16:03	27.06.2017 16:24	1	i0amuq	female	noask	1	1	1	1	1	18	17	1	1	1	1	20	75	1	90	1	18	1	Talent Acquisition Manager	Annapurna HR	HR	35000	System Administrator 	Evolution Recruitment Solutions Ltd	IT	50000	Moderately happy	0		1	FL_22	FL_98|FL_97																
R_1M4bi3SwlOH7rNK	Default Response Set	27.06.2017 16:15	27.06.2017 16:42	1	7t1iuu	female	noask	1	1	1	1	1	19	18	1	1	1	1	20	90	1	90	1	21	1	Graduate data scientist	Computer people	IT	30	Data Scientist Project Manager	JM Group	IT/Science/Consulting	50	Moderately happy		0	1	FL_100		FL_103|FL_101															
R_2znGkqQKuK9M0B1	Default Response Set	27.06.2017 16:39	27.06.2017 16:45	1	ujnj44	female	international_hb	1	1	1	1	1	25	18	1	1	1	1	18	70	1	50	1	21	1	Graduate developer	Expanding software house	It	25000	Data Analyst	Gravitas	It support	25000	Moderately unhappy		1	1				FL_138		FL_139|FL_141												
R_1LZqgim56G6k7oW	Default Response Set	27.06.2017 16:38	27.06.2017 16:47	1	g8hw29	female	international_hb	1	1	1	1	1	30	28	1	1	1	1	25	100	1	75	1	20	1	Net developer	Monarch	IT	20	Net developer	Monarch	It	30	Moderately unhappy	0		1				FL_133	FL_136|FL_134													
R_cZRaQjnrBlWEfaF	Default Response Set	27.06.2017 16:41	27.06.2017 17:01	1	ypf3ax	male	noask	1	1	1	1	1	32	32.275	1	1	1	1	18	30	1	60	1	24	1	Environmental Test Engineer	CBS Bulter	Electronics	40	Testing and QA Trainer	Testing Circle	IT	50	Neither happy nor unhappy	10		1	FL_22	FL_98|FL_97																
R_yBLf9adJjImiKkN	Default Response Set	27.06.2017 16:45	27.06.2017 17:01	1	jc373f	female	domestic_ha	1	1	1	1	1	18	18	1	1	1	1	18	70	1	70	1	20	1	Trainee Recruitment Consultant	Allegis Group	"Sales and Marketing, HR, Consulting"	22	Inside Sales Consultant - Software/Technology	Radley James Ltd	"IT, Sales and Marketing, Legal"	37	Neither happy nor unhappy		1	1													FL_150		FL_153|FL_151			
R_sMcp7EDOcjIzijD	Default Response Set	27.06.2017 16:43	27.06.2017 17:01	1	vpovho	female	noask	1	1	1	1	1	999	300	1	1	1	1	30	60	1	45	1	20	1	Graduate developer expanding software house	Software house 	It	25	Senior business analyst/project manager	It global limited 	"It, finiance"	45	Neither happy nor unhappy	2		1	FL_22	FL_97|FL_98																
R_su7VfjVh6oXT29z	Default Response Set	27.06.2017 16:53	27.06.2017 17:02	1	dy5mte	male	domestic_ha	1	1	1	1	1	25	25	1	1	1	1	25	90	1	90	1	20	1	Software dev	Spectrum	Software	25	Software engineer	RecruitmentRevoloution	Software	35	Moderately happy	0		1													FL_145	FL_146|FL_148				
R_270PA19vTxfvrQT	Default Response Set	27.06.2017 16:59	27.06.2017 17:09	1	amgykk	male	noask	1	1	1	1	1	23	25	1	1	1	1	23	65	1	50	1	22	1	Management Consultant/Turnaround and Restructuring/Banking/Operations/Retail/Agribusiness 	Innovation Brain	Consultancy	30	IT Project Manager - Lotus Notes to Office 365 - Charity Sector 	IT Flexi Team	IT	60	Neither happy nor unhappy		0	1	FL_100		FL_103|FL_101															
R_1FLmoDziSQcByXY	Default Response Set	27.06.2017 17:00	27.06.2017 17:10	1	nhq15y	male	noask	1	1	1	1	1	30	20	1	1	1	1	30	60	1	80	1	20	1	Sales Account Manager	Cisco	IT Software	30	Data Analytics Project Manager	JM Group	IT	45	Moderately unhappy		0	1	FL_100		FL_101|FL_103															
R_1nVlOT78k6VKDPT	Default Response Set	27.06.2017 17:10	27.06.2017 17:14	1	tjp4oc	female	international_hb	1	1	1	1	1	32	21	1	1	1	1	31	90	1	75	1	21	1	Digital Marketing Executive	Digital Agency	Marketing consultancy 	32	Digital marketing officer	Marketing agency	Marketing	25	Moderately unhappy		0	1				FL_138		FL_139|FL_141												
R_1mJfazTHARxtZ1G	Default Response Set	27.06.2017 17:11	27.06.2017 17:26	1	pttr1b	male	international_ha	1	1	1	1	1	19	22	1	1	1	1	19	67	1	68	1	19	1	junior data scientist	spencer rose	it	40000	junior data scientist	spencer rose	it	40000	Slightly happy		2	1							FL_126		FL_129|FL_127									
R_1MYDXtOhQISajCT	Default Response Set	27.06.2017 17:18	27.06.2017 17:28	1	191u1t	female	noask	1	1	1	1	1	30	17	1	1	1	1	19	5	1	72	1	70	1	Psychologist	Nhs	Health and social care	19	RN travel nurse	HealthTrust Workforce Solutions	Health	20	Moderately unhappy	0		1	FL_22	FL_97|FL_98																
R_2D1y9J2llaXJcZ1	Default Response Set	27.06.2017 17:28	27.06.2017 17:41	1	fvc2ww	male	domestic_ha	1	1	1	1	1	100	15	1	1	1	1	25	60	1	90	1	25	1	Graduate Analyst Job	Computer People	IT	30	"Graduate Analyst, Excellent Academic Record"	Monarch Recruitment Ltd.	IT	28	Moderately happy	0		1													FL_145	FL_148|FL_146				
R_1N4HUY4e3OOHczU	Default Response Set	27.06.2017 17:41	27.06.2017 17:50	1	keelti	female	domestic_hb	1	1	1	1	1	17	16	1	1	1	1	17	40	1	60	1	16	1	Data Scientist Project Manager	The JM Group	Science	30	Data Scientist Project Manager	The JM Group	Science	45	Extremely unhappy		0	1										FL_114		FL_115|FL_117						
R_3qxJBCEC9PWadiw	Default Response Set	27.06.2017 17:47	27.06.2017 17:56	1	aj9ya6	female	international_hb	1	1	1	1	1	35	28	1	1	1	1	35	80	1	60	1	22	1	Project Administrator - Graduate	ECS Group	Office & Admin	18	Technical trainer	Tectre Ltd	IT	40	Moderately happy	5		1				FL_133	FL_136|FL_134													
R_2U4xGDtMIx5bysa	Default Response Set	27.06.2017 18:17	27.06.2017 18:42	1	s1mn9o	female	domestic_hb	1	1	1	1	1	30	22	1	1	1	1	25	45	1	40	1	25	1	junior project managment officer	Aston carter	unknown	36	business analyst	incisive	investment managment company	80000	Slightly unhappy		0	1										FL_114		FL_117|FL_115						
R_3il1sDP449PjMfe	Default Response Set	27.06.2017 19:03	27.06.2017 19:08	1	babbu0	male	international_hb	1	1	1	1	1	19	22	1	1	1	1	23	10	1	34	1	18	1	Investment 	Sanderson 	Finance 	18	Investement	Sandersokm	Finance 	35	Slightly unhappy		0	1				FL_138		FL_139|FL_141												
R_3FL6AFSsc6ZHf70	Default Response Set	27.06.2017 19:09	27.06.2017 19:24	1	7ynp0u	female	domestic_ha	1	1	1	1	1	25	22	1	1	1	1	22	90	1	50	1	20	1	Graduate Analyst	Financial firm	Financial services	20	Business analyst/agile	InterQuest Financial Markets	"IT, Finance"	80	Neither happy nor unhappy		0	1													FL_150		FL_153|FL_151			
R_1NkXrlh0tqHOq4u	Default Response Set	27.06.2017 19:17	27.06.2017 19:24	1	qhmb6q	female	domestic_ha	1	1	1	1	1	27	27	1	1	1	1	18	80	1	92	1	19	1	B2C customer credit control	Interaction recruitment ltd	Financial services	18	Graduate analyst	Monarch recruitment ltd	Financial services	25	Slightly happy	0		1													FL_145	FL_148|FL_146				
R_8cVT2zJdNR9t9Pb	Default Response Set	27.06.2017 19:13	27.06.2017 19:27	1	geiff7	male	international_ha	1	1	1	1	1	20	16	1	1	1	1	20	75	1	70	1	16	1	Technical Trainer	 Tectre Limited	" IT, Education"	40	Data Scientist Project Manager	 JM Group	" IT, Science, Consulting"	50	Slightly unhappy	0		1							FL_121	FL_124|FL_122										
R_1Fzx6lPBOLS5Vyl	Default Response Set	27.06.2017 19:37	27.06.2017 19:47	1	8cyduw	male	international_ha	1	1	1	1	1	20	18	1	1	1	1	21	60	1	70	1	19	1	Junior SQL developer	Harvey nash	Business	23	Software developer	Computer peoplr	It	30	Slightly happy		0	1							FL_126		FL_127|FL_129									
R_29bkiUEGKqq1AyQ	Default Response Set	27.06.2017 20:05	27.06.2017 20:18	1	pi724b	female	noask	1	1	1	1	1	15	18	1	1	1	1	18	60	1	25	1	20	1	Entry level business development representative	Kerr Recruitment 	Marketing	25	Graduate development lead	Annapurna HR	Finance	65	Moderately happy	0		1	FL_22	FL_98|FL_97																
R_3sivV4tmnAm2CSE	Default Response Set	27.06.2017 20:19	27.06.2017 20:36	1	yfqsd	female	international_hb	1	1	1	1	1	25	24	1	1	1	1	25	86	1	80	1	21	1	SAP Junior/Graduate Project Manager 	BOSS Professional Service	IT	25000	Graduate Development Lead	Annapurna HR	Finance 	90	Moderately happy	0		1				FL_133	FL_134|FL_136													
R_3J4WI3R2AYM2HPf	Default Response Set	27.06.2017 20:43	27.06.2017 20:49	1	d2znk9	male	domestic_hb	1	1	1	1	1	30	25	1	1	1	1	34	50	1	70	1	30	1	hfjnvfjv	tvev	etbt	40	hr	teh	eth	30	Slightly happy	0		1										FL_109	FL_112|FL_110							
R_22QUA3vF4ZireXB	Default Response Set	27.06.2017 20:58	27.06.2017 21:21	1	aik96b	female	noask	1	1	1	1	1	30	30	1	1	1	1	25	70	1	40	1	26	1	Graduate Recruitment Consultant - Reading	Rocsearch	recruitment	27	Compensation and Benefit advisors	Tech Mahindra	IT	48	Neither happy nor unhappy		0	1	FL_100		FL_103|FL_101															
R_3dX0aNtj9F9j9EF	Default Response Set	27.06.2017 15:26	27.06.2017 21:22	1	fz3ckd	male	international_hb	1	1	1	1	1	20	18	1	1	1	1	20	50	1	55	1	25	1	Sales Account Manager	Cisco	Sales	30000	Account Manager	Fintech	Finance	35000	Slightly happy		0	1				FL_138		FL_139|FL_141												
R_10qSD9feRhCnbyI	Default Response Set	27.06.2017 21:24	27.06.2017 21:37	1	gcy7ny	female	noask	1	1	1	1	1	30	35	1	1	1	1	25	25	1	45	1	25	1	Graduate Development Lead	Annapurna HR	Finance	70	Graduate Development Lead	Annapurna 	Finance	70	Neither happy nor unhappy	0		1	FL_22	FL_98|FL_97																
R_2w1dQ95WA62OTiP	Default Response Set	27.06.2017 22:01	27.06.2017 22:13	1	4rqdta	female	international_hb	1	1	1	1	1	999	600	1	1	1	1	999	30	1	50	1	21	1	Accounts assistant	Client	Finance	18	Accounts assistant	Client	Finance	24	Moderately unhappy	10		1				FL_133	FL_136|FL_134													
R_114OCqhJk777mdD	Default Response Set	27.06.2017 22:53	27.06.2017 23:08	1	ivw8g0	female	domestic_ha	1	1	1	1	1	999	999	1	1	1	1	999	10	1	55	1	999	1	Trainee business manager	Ici	Chemical	22000	"Software Project Manager (SCRUM C++ Java Desktop Systems QA) Walton-on-Thames, Surrey, UK - 45K-52K + Excellent Benefits"	Areospace	Softwear	45000	Slightly unhappy		10	1													FL_150		FL_153|FL_151			
R_1pRqemXMVs2dZzQ	Default Response Set	27.06.2017 23:38	27.06.2017 23:56	1	6qhp96	female	noask	1	1	1	1	1	25	"20,000"	1	1	1	1	25	80	1	80	1	25	1	Graduate opportunity - Client Support Analyst - FX - Banking - Broker	Kite Consulting Group Limited	IT	30	Senior Consultant	Venquis Limited	Finance	60	Neither happy nor unhappy		5	1	FL_100		FL_101|FL_103															
R_1irQcYGU4hK8uiN	Default Response Set	28.06.2017 00:22	28.06.2017 00:38	1	4dsso8	female	domestic_hb	1	1	1	1	1	40	24	1	1	1	1	20	20	1	85	1	20	1	"BackShareAdd To BasketApply CCNA/CCNP Graduate, Global NOC/Helpdesk - French/German/Italian- Global Telecoms"	Global telecoms	Telecommunications	26	Accounts Assistant- London- Italian Speaking	Links ltd	Finance	18	Slightly unhappy		0	1										FL_114		FL_115|FL_117						
R_1Lbs9nndu3rrLF8	Default Response Set	28.06.2017 00:21	28.06.2017 00:39	1	25j3s6	male	international_ha	1	1	1	1	1	40	20	1	1	1	1	14	68	1	70	1	12	1	Assurance Trainee	PwC	Accounting&Finance	22	 Group Administrator/Team Administrator	Deloitte	Audit&Assurance	40	Slightly happy	0		1							FL_121	FL_122|FL_124										
R_1jfwFGlkyTZcREa	Default Response Set	28.06.2017 05:46	28.06.2017 05:55	1	3obphm	female	domestic_ha	1	1	1	1	1	23	22	1	1	1	1	21	60	1	60	1	21	1	Administrator PA Executive Assistant Office Manager London	Joseph Harry	Office and Admin	26	Talent Acquisition Manager	Annapurna HR	hr	40	Moderately happy	1		1													FL_145	FL_146|FL_148				
R_5mx82aKTMn23mSZ	Default Response Set	28.06.2017 06:43	28.06.2017 06:45	1	k7t2z8	male	domestic_ha	1	1	1	1	1	999	555	1	1	1	1	500	50	1	60	1	900	1	Financial Analyst	JPMorgan	banking	30000	financial analyst	jpmorgan	banking 	30000	Moderately happy		6	1													FL_150		FL_153|FL_151			
R_2AR917drPiRQkHH	Default Response Set	28.06.2017 08:45	28.06.2017 09:02	1	sd6pqe	female	international_hb	1	1	1	1	1	25	22	1	1	1	1	25	80	1	70	1	26	1	Project Manager - R&D	DePuy	Science 	30	Innovation Programme Manger	PSD Group	IT	55	Moderately happy	0		1				FL_133	FL_134|FL_136													
R_Tu8LfmNciXiDoc1	Default Response Set	27.06.2017 15:45	28.06.2017 09:18	1	gwvr66	female	noask	1	1	1	1	1	28	22	1	1	1	1	22	50	1	70	1	20	1	Admin PA Executive Assistant	Joseph Harry	IT Recruitment	30	Business Analyst	Incisive	Global investment management company	70000	Moderately happy	0		1	FL_22	FL_98|FL_97																
R_1BQ0ClKZryPLB33	Default Response Set	27.06.2017 16:06	28.06.2017 09:21	1	chm9o9	female	international_hb	1	1	1	1	1	25	25	1	1	1	1	21	64	1	60	1	18	1	Business Interest Trainer	Texture Ltd	"IT, Business "	35000	Senior consuktant	Venquis	Financr	65000	Moderately happy		0	1				FL_138		FL_139|FL_141												
R_1f2ABcSGcVkgXBj	Default Response Set	28.06.2017 10:11	28.06.2017 10:27	1	rhehux	female	international_hb	1	1	1	1	1	25	"21,000"	1	1	1	1	22	80	1	50	1	18	1	Technical Author - Graduate/Junior	Edissero Ltd	IT	22000	Bi - Lingual Data Analyst	Hays Specialist Recruitment	IT	25000	Slightly unhappy		0	1				FL_138		FL_139|FL_141												
R_2pWxzrR3H94WO4Z	Default Response Set	28.06.2017 10:26	28.06.2017 10:32	1	mezcbd	female	noask	1	1	1	1	1	999	56	1	1	1	1	100	20	1	99	1	100	1	Professor	University of Essex	Education	200	e	e	e	200	Moderately happy		1	1	FL_100		FL_103|FL_101															
R_10TwJBTT5AHB1LK	Default Response Set	28.06.2017 10:46	28.06.2017 10:57	1	akppxd	female	noask	1	1	1	1	1	28	27	1	1	1	1	26	60	1	60	1	25	1	Sales Representative - Technology Sales	Bright Purple Resourcing	Sales and Marketing	22000	Graduate Development Lead	Annapurna HR	Finance	75000	Moderately happy	1		1	FL_22	FL_98|FL_97																
R_3DqFlIUJoGpE0TL	Default Response Set	28.06.2017 10:29	28.06.2017 11:20	1	997hc2	male	international_hb	1	1	1	1	1	22	24	1	1	1	1	23	90	1	60	1	26	1	Junior Project Management Officer	Aston Carter	Finance	30	Senior Consultant	Venquis	Finance	65	Slightly happy	0		1				FL_133	FL_134|FL_136													
R_2EmxYE7nmnsqw0L	Default Response Set	28.06.2017 11:35	28.06.2017 11:58	1	fhd5u6	female	noask	1	1	1	1	1	30	25	1	1	1	1	27	70	1	30	1	25	1	Innovation program manager 	PSD group	IT	55	Graduate development lead	Terri Wickett	Finance 	90	Moderately unhappy		0	1	FL_100		FL_101|FL_103															
R_3ke2RZ1pKOV3D0J	Default Response Set	28.06.2017 12:00	28.06.2017 12:09	1	sw93k9	female	domestic_ha	1	1	1	1	1	20	20	1	1	1	1	22	90	1	80	1	20	1	Project Manager Research & Development	Elevate Direct	Science	32	Inside Sales Consultant	Radley James	Sales and Marketing	45	Slightly happy		0	1													FL_150		FL_151|FL_153			
R_27TGN6qdHChg0yV	Default Response Set	28.06.2017 12:22	28.06.2017 12:41	1	o7410	female	international_ha	1	1	1	1	1	20	25	1	1	1	1	20	70	1	65	1	22	1	Graduate Wealth Adviser -- International	deVere Group	Finance	25	Junior Recruitment Consultant	IT Talent Solutions Ltd	Sales and Marketing	17	Moderately happy	0		1							FL_121	FL_124|FL_122										
R_3rV5RXW2UH5qicR	Default Response Set	28.06.2017 12:34	28.06.2017 12:52	1	oclgxf	female	domestic_hb	1	1	1	1	1	20	19	1	1	1	1	23	60	1	50	1	25	1	Junior ERP Consultant	Incremental Group 	Accountancy	20	Management Consultant	Innovation Brain	Finance	30	Moderately unhappy	0		1										FL_109	FL_112|FL_110							
R_qL92XHDvYBNluiR	Default Response Set	28.06.2017 12:20	28.06.2017 14:53	1	xsvkyx	male	noask	1	1	1	1	1	22	22	1	1	1	1	22	50	1	45	1	25	1	Assurance trainee	PwC	Accounting 	22	Recruitment consultant 	Allegis Group	HR	40	Slightly unhappy	10		1	FL_22	FL_97|FL_98																
R_2TZCcuFoF2WNqLv	Default Response Set	28.06.2017 14:54	28.06.2017 15:08	1	8z20nc	female	noask	1	1	1	1	1	23	30	1	1	1	1	20	50	1	49	1	20	1	Inside Sales Consultant - Software/Technology 	Radley James Ltd	"IT, Sales and Marketing, Legal"	30	Inside Sales Consultant - Software/Technology 	Radley James Ltd	"IT, Sales and Marketing, Legal"	30	Neither happy nor unhappy		2	1	FL_100		FL_101|FL_103															
R_3hrlTcgTgzZw3I2	Default Response Set	28.06.2017 11:13	28.06.2017 15:46	1	b281sn	female	domestic_ha	1	1	1	1	1	999	999	1	1	1	1	25	78	1	50	1	27	1	Graduate programme analyst 	Sola Technology Ltd	Finance 	35	Graduate development lead	Annapurna HR	Finance	90	Moderately happy	0		1													FL_145	FL_146|FL_148				
R_1GKfaiT2bWraqRk	Default Response Set	28.06.2017 18:30	28.06.2017 18:52	1	o68d9p	female	domestic_ha	1	1	1	1	1	28	21	1	1	1	1	30	15	1	75	1	35	1	RN Travel Nurse	HealthTrust Workforce Solutions	Healthcare	20	Partner Manager	Eden Smith Limited	IT	35	Moderately happy		0	1													FL_150		FL_153|FL_151			
R_1Hp32ABjxyrrgiK	Default Response Set	28.06.2017 19:35	28.06.2017 19:49	1	o78xh3	female	domestic_hb	1	1	1	1	1	25	21	1	1	1	1	25	40	1	70	1	21	1	Graduate data scientist 	Opus recruitment solutions ltd 	Computer science 	35	Technical author 	Edissero Ltd 	IT	40	Extremely happy		0	1										FL_114		FL_117|FL_115						
R_3IWEMVUrIemWtCp	Default Response Set	28.06.2017 22:26	28.06.2017 22:34	1	9vgsrb	male	domestic_ha	1	1	1	1	1	20	20	1	1	1	1	20	45	1	25	1	20	1	Accountant manager	fintech	Sales n marketing 	25	Account manager	Arcadia	It	30	Moderately happy	1		1													FL_145	FL_148|FL_146				
R_3QJBcyQzoFDzESx	Default Response Set	29.06.2017 02:08	29.06.2017 02:16	1	319eus	female	international_ha	1	1	1	1	1	22	264	1	1	1	1	25	75	1	10	1	25	1	graduate research analyst	computer people	IT	22	psychologist	none	mental health	25	Slightly happy		0	1							FL_126		FL_127|FL_129									
R_2v0rxpjJMuipP8J	Default Response Set	29.06.2017 07:52	29.06.2017 08:09	1	ysvnsf	female	international_ha	1	1	1	1	1	20	16	1	1	1	1	25	90	1	95	1	21	1	graduate career scheme	yoh	sales and marketing	20	Executive Resourcing Business Partner	barclays	hr	30	Moderately happy		0	1							FL_126		FL_129|FL_127									
R_87dETHE5qyxeXRL	Default Response Set	29.06.2017 10:40	29.06.2017 10:44	1				1	1	1	1	1	30	30	1	1	1	1	20	40	1	60	1	16	1	.	.	.	12	.	.	.	25	Moderately happy		0	1																FL_164		FL_165|FL_167
R_3Jk4MYmh1KAcjTU	Default Response Set	29.06.2017 10:45	29.06.2017 10:46	1				1	1	1	1	1	20	20	1	1	1	1	20	20	1	96	1	21	1	.	.	.	19	.	.	.	15	Slightly happy	3		1																FL_159	FL_162|FL_160	
R_1mhlglTqLe0UjlB	Default Response Set	28.06.2017 12:55	29.06.2017 11:23	1	nzzis0	female	international_ha	1	1	1	1	1	18	15	1	1	1	1	20	70	1	50	1	30	1	Student Hire - Recruitment Coordinator	Resource Solutions - EY	HR	19	Talent Acquisition Manager	 Annapurna HR	HR	45	Neither happy nor unhappy	0		1							FL_121	FL_124|FL_122										
R_1QFyBuRj9swmf3E	Default Response Set	29.06.2017 11:17	29.06.2017 11:34	1	snzzkm	female	noask	1	1	1	1	1	25	23	1	1	1	1	25	75	1	60	1	21	1	Business analyst	Arc it	It	30	Principal developer	Tek systems	It	50	Slightly unhappy	0		1	FL_22	FL_97|FL_98																
R_1QcPjwVegtsk3xb	Default Response Set	28.06.2017 08:24	29.06.2017 11:49	1	3gncyw	female	noask	1	1	1	1	1	25	25	1	1	1	1	20	50	1	80	1	20	1	MANDARIN SPEAKING PROJECT COORDINATOR	Project People	"IT, Finance"	25	Talent Acquisition Manager	Annapurna HR	HR	45	Neither happy nor unhappy		1	1	FL_100		FL_103|FL_101															
R_2WVx3j3HIyZ7mai	Default Response Set	29.06.2017 12:42	29.06.2017 13:07	1	1wp229	male	noask	1	1	1	1	1	25	28	1	1	1	1	23	60	1	50	1	22	1	Graduate Recruitment Consultants	Testing Circle Limited	Recruitment	20	Graduate Development Lead	Annapurna HR	Finance	65	Slightly unhappy	0		1	FL_22	FL_97|FL_98																
R_vOUVOaoW46pt59D	Default Response Set	29.06.2017 15:12	29.06.2017 15:22	1	ugbtks	female	domestic_ha	1	1	1	1	1	18	22	1	1	1	1	18	50	1	50	1	22	1	Graduate Recruitment Consultant	Datasource	IT	18	Trainee Recruitment Consultant	Allegis group	Recruitment	25	Slightly happy		1	1													FL_150		FL_151|FL_153			
R_3pnKPfa6DnNkvHd	Default Response Set	29.06.2017 17:17	29.06.2017 17:26	1	m1wll	female	domestic_ha	1	1	1	1	1	22	30	1	1	1	1	22	75	1	80	1	22	1	Accounts Payable and Administration Clerk - Graduate/SAP	Stott and May	"IT, Finance, Office and Admin"	20	Accounts Payable and Administration Clerk - Graduate/SAP	Stott and May	"IT, Finance "	20	Moderately happy	0		1													FL_145	FL_148|FL_146				
R_3OraariICPkN4gE	Default Response Set	29.06.2017 17:43	29.06.2017 17:54	1	f0e5md	female	international_ha	1	1	1	1	1	20	17	1	1	1	1	20	40	1	60	1	19	1	Trainee recruitment consultant 	Hfg 	Sales and marketing 	18	Management accounts assistant 	Workshop technologies 	Finance 	27	Moderately happy		0	1							FL_126		FL_127|FL_129									
R_322ZQePuMkMkCwb	Default Response Set	29.06.2017 21:55	29.06.2017 22:14	1	xtba8q	male	noask	1	1	1	1	1	20	18	1	1	1	1	28	40	1	70	1	25	1	Data Analyst	Clearwater People Solutions	IT	25	Senior Digital Analyst with Machine Learning	Logikk	IT	60	Neither happy nor unhappy		10	1	FL_100		FL_101|FL_103															
R_2ah70sNLXSkm8iG	Default Response Set	29.06.2017 23:56	30.06.2017 00:20	1	jr52i5	female	domestic_hb	1	1	1	1	1	20	20	1	1	1	1	20	70	1	65	1	25	1	SEO Consultant/Graduate/website/marketing/search engine	OpenSauce	"IT, Sales and Marketing"	22	IT Project Manager	JM Group	IT	57	Slightly happy	0		1										FL_109	FL_112|FL_110							
R_3n7RRuESEsJPTOv	Default Response Set	30.06.2017 00:46	30.06.2017 01:15	1	r2wi1	female	domestic_hb	1	1	1	1	1	22	18	1	1	1	1	22	40	1	65	1	13	1	Summary writer	Experis IT	Legal	22	Building Services	Tozer	Engineering	22	Extremely unhappy	0		1										FL_109	FL_112|FL_110							
R_3KW7NeP6NGwElZD	Default Response Set	30.06.2017 15:49	30.06.2017 16:02	1	w8z3wf	male	international_hb	1	1	1	1	1	40	25	1	1	1	1	30	57	1	50	1	22	1	Data Analyst 	networx	IT	30	Partner manager	Eden Smith	IT	80	Neither happy nor unhappy		0	1				FL_138		FL_141|FL_139												
R_dgwU60mf53rv1hn	Default Response Set	30.06.2017 17:42	30.06.2017 17:58	1	g0bjd1	female	noask	1	1	1	1	1	20	18	1	1	1	1	20	40	1	50	1	18	1	Trainee Recruitment consultant	Gravitas Recruitment Group Ltd	"Sales and Marketing, HR"	18	Administrator PA Executive Assistant Office Manager London	Joseph Harry Ltd	Office and Admin	30	Slightly unhappy	2		1	FL_22	FL_98|FL_97																
R_2TNsjUEo44oQ5j3	Default Response Set	29.06.2017 21:28	30.06.2017 21:00	1	5wy4wc	female	domestic_hb	1	1	1	1	1	24	20	1	1	1	1	24	5	1	80	1	20	1	NA	NA	NA	0	Analyst	Cambridge	Research	24	Slightly unhappy		0	1										FL_114		FL_117|FL_115						
R_2U0ceYqy8zY3EM5	Default Response Set	01.07.2017 20:52	01.07.2017 21:06	1	k83bff	female	international_ha	1	1	1	1	1	30	25	1	1	1	1	25	69	1	55	1	21	1	Market data analyst	Ballintrae	"IT, Sales and Marketing"	21	Graduate marketing executive	Understanding recruitment	"IT, Sales and Marketing"	31	Slightly happy	1		1							FL_121	FL_124|FL_122										
R_27rtWOespYFSk7N	Default Response Set	02.07.2017 11:22	02.07.2017 11:36	1	56ofck	male	domestic_hb	1	1	1	1	1	20	20	1	1	1	1	20	60	1	75	1	18	1	Research Executive	Havas Lynx	Sales and Marketing	20	Data Analyst/Sales and Market Analysis/Data Analysis/Manufacturing	networx	"IT, Sales and Marketing"	30	Moderately happy		2	1										FL_114		FL_115|FL_117						
R_1fg7oAMgAUzycUJ	Default Response Set	02.07.2017 12:54	02.07.2017 13:15	1	sekbwi	male	noask	1	1	1	1	1	27	22	1	1	1	1	27	65	1	75	1	27	1	Graduate Developer - Break into Banking	oliverbernard	IT	35	Principal Developer	TEKsystems	IT	75	Moderately happy		1	1	FL_100		FL_103|FL_101															
R_2AKnVdiOo3dVhfR	Default Response Set	02.07.2017 18:38	02.07.2017 18:49	1	4ocbrt	female	noask	1	1	1	1	1	30	27	1	1	1	1	25	20	1	40	1	25	1	Management Accounting Assistant 	CIMA	Accounting	23	sales accountant manager	Cisco	Hardware	20	Moderately happy	3		1	FL_22	FL_97|FL_98																
R_pFS2nvpS3ARX8ad	Default Response Set	02.07.2017 20:59	02.07.2017 21:16	1	7z9ick	male	international_ha	1	1	1	1	1	23	21	1	1	1	1	23	21	1	30	1	19	1	Technical Trainer	Tectre Limited	"Education, IT"	40	Graduate Web Developer	Neaves & Neat Employment Services Ltd	It	40	Slightly unhappy	0		1							FL_121	FL_124|FL_122										
R_7NTZIuYLWW4IJsR	Default Response Set	03.07.2017 16:57	03.07.2017 17:08	1	z4d7sy	female	international_ha	1	1	1	1	1	20	999	1	1	1	1	20	43	1	45	1	20	1	Recruitment Consultant	Panoramic associated ltd	HR	20	Graduate recruitment consultant	Gravitas recruitment group 	HR	120	Neither happy nor unhappy		0	1							FL_126		FL_129|FL_127									
R_C1fbo5W6Z6KkTE5	Default Response Set	03.07.2017 17:02	03.07.2017 17:08	1	fgg7d5	female	international_hb	1	1	1	1	1	35	35	1	1	1	1	25	60	1	60	1	30	1	Account Executive	Havas lynx	Sales & Marketing	30	Account Executive 	Havas lynx	Sales & Marketing	40	Neither happy nor unhappy	5		1				FL_133	FL_136|FL_134													
R_27Vue25KGC52MGh	Default Response Set	03.07.2017 17:03	03.07.2017 17:10	1	flptbi	female	international_hb	1	1	1	1	1	28	26	1	1	1	1	20	60	1	60	1	24	1	Physiotherapist	BMI	Healthcare	22000	Physiotherapist 	BMI	Healthcare	35000	Moderately happy		0	1				FL_138		FL_141|FL_139												
R_2ruMqP5LHN7afUi	Default Response Set	03.07.2017 16:57	03.07.2017 17:10	1	tgtupo	female	domestic_ha	1	1	1	1	1	22	21	1	1	1	1	22	80	1	60	1	20	1	Trainee Conference Producer : B2B Events	B2B Events	Events Management/Marketing	20	Partner Manager	Eden Smith	Marketing/Customer Relations	35	Slightly unhappy		0	1													FL_150		FL_151|FL_153			
R_e5wvwgY7Tf1QPjr	Default Response Set	03.07.2017 17:01	03.07.2017 17:12	1	e3imii	male	international_hb	1	1	1	1	1	15	15	1	1	1	1	20	75	1	50	1	20	1	Retail/Sales Assistant	Apollo Advertising Ltd	Sales and Marketing	20	Pharmaceutic Sales Representative	Experis IT	"Sales and Marketing, Science"	25	Moderately unhappy		4	1				FL_138		FL_139|FL_141												
R_2eOqN7FYD0AMPJC	Default Response Set	03.07.2017 17:03	03.07.2017 17:22	1	7kr25s	female	noask	1	1	1	1	1	25	"19,000"	1	1	1	1	26	65	1	49	1	18	1	Administrator PA Executive Assistant Office Manager London	Joseph Harry Ltd	Office and Admin	27	Rehabilitation Consultant - Townsville	Sterning Health	Healthcare	40	Moderately happy		5	1	FL_100		FL_103|FL_101															
R_3ma8i3Xr9LiLuQT	Default Response Set	27.06.2017 15:26	03.07.2017 18:11	1	oatnxe	female	domestic_ha	1	1	1	1	1	25	21	1	1	1	1	21	94	1	99	1	18	1	Entry Level Business Development Representative	Kerr Recruitment	Advertising	25000	Innovation program manager	IT communications ltd	Operations	55	Slightly happy	0		1													FL_145	FL_148|FL_146				
R_1K7HRTmwKvAz1Vc	Default Response Set	26.06.2017 00:30	26.06.2017 13:32	0				1		1	1	1	434	333	1																																								
R_1NCa3SlZKA2Fnw0	Default Response Set	27.06.2017 17:30	03.07.2017 19:34	1	bxd7cg	female	international_ha	1	1	1	1	1	24	15	1	1	1	1	24	30	1	50	1	24	1	Null	Null	Null	0	Null	Null	Null	0	Slightly happy		3	1							FL_126		FL_127|FL_129									
R_1C1QGoL461d124U	Default Response Set	03.07.2017 20:22	03.07.2017 20:29	1	qlw2yw	female	noask	1	1	1	1	1	25	25	1	1	1	1	25	68	1	60	1	22	1	lab technician	university of essex	education	25	lab manager	university of essex	education	30	Extremely happy		10	1	FL_100		FL_101|FL_103															
R_vIz7TXeuIw6A9sB	Default Response Set	03.07.2017 20:40	03.07.2017 20:49	1	8fslco	female	domestic_hb	1	1	1	1	1	21	21.5	1	1	1	1	21	60	1	25	1	22	1	Graduate data scientist	Opus solutions	IT	35	Data scientist	Opus solutions	IT	40	Slightly happy	1		1										FL_109	FL_112|FL_110							
R_3KVn6Ea1PTsLsw4	Default Response Set	03.07.2017 20:57	03.07.2017 21:28	1	o12a6f	male	noask	1	1	1	1	1	35	30	1	1	1	1	30	88	1	80	1	27	1	IT Support/Network Support/Web Support	MLR Associates	IT	25	Head of IT - Retail	I-X Consultants	IT	60	Neither happy nor unhappy	0		1	FL_22	FL_97|FL_98																
R_3Gxg3X6llYaX6r8	Default Response Set	03.07.2017 22:09	03.07.2017 22:22	1	ubjcvu	male	noask	1	1	1	1	1	30	25	1	1	1	1	20	70	1	70	1	25	1	Graduate Programme Analyst 	SOLA	Economicss	35	Executive Resourcing Business Partner	Barclays	Banking	80	Extremely happy		1	1	FL_100		FL_101|FL_103															
R_2RXqedDqzzrBOCg	Default Response Set	03.07.2017 22:50	03.07.2017 23:41	1	5ndxle	female	domestic_ha	1	1	1	1	1	19	19	1	1	1	1	20	40	1	50	1	21	1	Recruitment Consultant	Roc Search	Consulting	30	Graduate internal recruiter 	St Albans	Recruitment	25	Moderately unhappy		0	1													FL_150		FL_153|FL_151			
R_2tLlKxkgVYWeP6x	Default Response Set	04.07.2017 00:29	04.07.2017 00:37	1	vkooj7	male	noask	1	1	1	1	1	26	25	1	1	1	1	25	85	1	40	1	22	1	Digital Analyst in Machine Learning	Logikk	IT	40	Chief Scientist	Networking People	IT	160	Moderately happy	5		1	FL_22	FL_97|FL_98																
R_2ZV6zIVwjVTMLsH	Default Response Set	04.07.2017 03:46	04.07.2017 03:55	1	nnzc9n	male	noask	1	1	1	1	1	40	40	1	1	1	1	25	60	1	60	1	25	1	Graduate Data Analyst Support Job	`Computer People	IT	25	Cheif Scientist	NP Group	Science	150	Slightly happy		0	1	FL_100		FL_101|FL_103															
R_27fHGQrdqYAG0uf	Default Response Set	04.07.2017 13:47	04.07.2017 13:58	1	loyp30	male	domestic_hb	1	1	1	1	1	14	12	1	1	1	1	18	80	1	35	1	18	1	Criminology	No result	Sorry	18	I	Can't	Find something of interest	18	Moderately happy		10	1										FL_114		FL_117|FL_115						
R_3ixbc7AqKNgDQlJ	Default Response Set	27.06.2017 15:14	27.06.2017 15:16	0	uhsgbr	female	domestic_ha	1	1	1	1	1	50	45	1	1	1	1	15	60	1	75	1	25	1																														
R_2VsDYEu3XtzNKqJ	Default Response Set	04.07.2017 15:25	04.07.2017 15:36	1	fyizer	male	international_ha	1	1	1	1	1	18	18	1	1	1	1	19	80	1	80	1	19	1	Pharmaceutical Sales Rep	Experis IT	"Sales and Marketing, Science"	20	Chief Scientist	Networking People (UK)	Science	120	Slightly unhappy	0		1							FL_121	FL_122|FL_124										
R_1Nq66qM435WXpcn	Default Response Set	27.06.2017 15:57	27.06.2017 16:03	0	jihxbr	female	international_ha	1	1	1	1	1	26	21	1	1	1	1	23	40	1	70	1	16	1																														
R_3MbAxqC8zL97WYD	Default Response Set	27.06.2017 16:16	27.06.2017 16:31	0	ryfeqf	female	international_ha	1	1	1	1	1	900	12	1	1	1	1	20	47	1	50	1	15	1																														
R_1HieVTdB179cuAb	Default Response Set	27.06.2017 16:29	27.06.2017 16:50	0	1ds1vb	female	international_ha	1	1	1	1	1	21	19	1	1	1	1	19	75	1	60	1	15	1																														
R_0CDktjg7R5splIZ	Default Response Set	04.07.2017 17:08	04.07.2017 17:22	1	7hzzg6	female	noask	1	1	1	1	1	60	45	1	1	1	1	10	35	1	28	1	35	1	Trainee broker	Delphi Derivatives	Insurance	20	Junior developer	Markish	Ict	40	Moderately unhappy	0		1	FL_22	FL_97|FL_98																
R_3QEMsT47o1zUDnj	Default Response Set	27.06.2017 17:21	27.06.2017 17:34	0	k3ltp6	female	international_ha	1	1	1	1	1	25	25	1	1	1	1	20	30	1	80	1	18	1	Teach English in China	EF English First	Education	30																										
R_10MX7WlfBZgNp0u	Default Response Set	27.06.2017 19:45	27.06.2017 19:46	0	8m1xk0	male	international_ha	1	1	1	1	1	35	25	1	1	1	1	35	85	1	67	1	30	1																														
R_ApQhkCwfF5HtLvH	Default Response Set	27.06.2017 23:18	27.06.2017 23:21	0	u81rlc	female	noask	1	1	1	1	1	22	19	1	1																																							
R_11711VLWHEodblV	Default Response Set	28.06.2017 01:19	28.06.2017 01:21	0	arr9z8	female	noask	1	1	1	1	1																																											
R_1AZvcTz5YsCqlPj	Default Response Set	04.07.2017 21:49	05.07.2017 06:41	1	a50vsk	female	domestic_ha	1	1	1	1	1	20	18	1	1	1	1	19	35	1	30	1	18	1	Retail assistant	Apollo advertising ltd	Sales And marketing	19	Radio producer	BBC Essex	Journalism	20	Neither happy nor unhappy	0		1													FL_145	FL_146|FL_148				
R_2sYYlWL6NmUhCCE	Default Response Set	28.06.2017 07:25	28.06.2017 07:25	0	pqzb80	female	noask	1	1	1	1	1																																											
R_3jVUcyTqFblU2tM	Default Response Set	28.06.2017 10:07	28.06.2017 10:11	0	27ssix	female	noask	1	1	1	1	1	25	22	1	1	1	1	22	80	1	80	1	20	1																														
R_2vdLriuK2wjAtms	Default Response Set	28.06.2017 19:49	28.06.2017 20:17	0	6wmtub	female	international_ha	1	1	1	1	1	21	16	1	1	1	1	23	80	1	80	1	21	1																														
R_6KiWGTiYhHJglUZ	Default Response Set	28.06.2017 20:22	28.06.2017 20:25	0	tf772e	other	noask	1	1	1	1	1	24	26	1	1	1	1	21	96	1	98	1	18	1																														
R_ANliruyPJvh1uc9	Default Response Set	03.07.2017 17:25	03.07.2017 17:39	0	v8pyhi	female	domestic_ha	1	1	1	1	1	19	"17,000"	1	1	1	1	21	35	1	60	1	16	1	Business development manager 	It global limited 	Sales and marketing 	24000	Business analyst 	Incisive ltd	IT	80	Neither happy nor unhappy	0															FL_145	FL_148|FL_146				
R_818wuhK20UjoouZ	Default Response Set	29.06.2017 20:20	29.06.2017 20:43	0	g7ssdl	female	international_hb	1	1	1	1	1	23	19	1	1	1	1	24	20	1	35	1	23	1	Trainee Recruitment Consultant x4 - Rapid Progression	Allegis Group	"Sales and Marketing, HR, Consulting"	25	Graduate Recruitment Consultant	Gravitas Recruitment Group	"IT, HR"	40	Moderately happy	2						FL_133	FL_136|FL_134													
R_31S4FwHNHnJaY3N	Default Response Set	06.07.2017 11:40	06.07.2017 11:49	1	z33tfy	female	noask	1	1	1	1	1	22	22	1	1	1	1	22	70	1	45	1	20	1	Graduate Recruitment/Sales Consultant	venturi	Recruitment/ HR	40	Graduate Recruitment/Sales Consultant	Venturi	Recruitment/ HR	55	Extremely happy		0	1	FL_100		FL_101|FL_103															
R_2Yb1rUXt5IOb6AR	Default Response Set	06.07.2017 11:47	06.07.2017 11:51	1	ahpmio	female	domestic_hb	1	1	1	1	1	36	35	1	1	1	1	20	10	1	30	1	17	1	Staff Assistant	PwC	Accounting	19	Staff Assistant 2	PwC	Auditing	26	Moderately happy	1		1										FL_109	FL_112|FL_110							
R_1He584viIU4y8cb	Default Response Set	29.06.2017 16:02	29.06.2017 16:14	0	sy5pao	female	domestic_hb	1	1	1	1	1	36	24	1	1	1	1	23	68	1	50	1	22	1																														
R_2R4e9bScVIdvXrA	Default Response Set	29.06.2017 21:06	29.06.2017 21:12	0	miswk5	female	domestic_ha	1	1	1	1	1	23	23	1	1	1	1	21	68	1	40	1	25	1	Student Recruitment Coordinator	KPMG	SALES AND MARKETING	18																										
R_3Jz8T8GzeJ7SP8g	Default Response Set	07.07.2017 09:36	07.07.2017 09:53	1	befsd7	male	domestic_hb	1	1	1	1	1	35	24	1	1	1	1	25	90	1	40	1	27	1	Graduate it support analyst	Monarch recruitment ltd	It	25	Cloud security architect	Modis	It	80	Moderately happy	0		1										FL_109	FL_112|FL_110							
R_1pLRfypkLI22uRF	Default Response Set	30.06.2017 17:41	30.06.2017 17:45	0	h9v20f	female	international_ha	1	1	1	1	1	25	22	1	1	1	1	25	63	1	28	1	18	1																														
R_ULPXUhpCphfFSMh	Default Response Set	07.07.2017 19:43	07.07.2017 19:51	1	jw88qp	female	international_hb	1	1	1	1	1	15	10	1	1	1	1	20	12	1	40	1	20	1	SEN Teaching Assistant	SEN LSA	Teaching	12	RN travel nurse	RN	Teaching	15	Slightly unhappy	0		1				FL_133	FL_134|FL_136													
R_3j2mcEHL0xF4Qw8	Default Response Set	07.07.2017 20:14	07.07.2017 20:23	1	xxxycc	female	noask	1	1	1	1	1	27	20	1	1	1	1	18	50	1	30	1	25	1	Junior Data Services Analyst 	Hammersmith and Fulham	sales and marketing	22	Graduate Marketing Executive (Data) 	understanding recruitment	sales and marketing	28	Neither happy nor unhappy	0		1	FL_22	FL_97|FL_98																
R_2cnePvAVT5hlQxT	Default Response Set	07.07.2017 23:56	08.07.2017 00:03	1	9tga3v	female	international_ha	1	1	1	1	1	30	20	1	1	1	1	21	40	1	85	1	18	1	Researcher	Bayer	Phaasuiticals	25	Research executive	Cambrige	Data analysis	30	Moderately happy	0		1							FL_121	FL_122|FL_124										
R_1LdhLKwHW9muvAT	Default Response Set	08.07.2017 01:10	08.07.2017 01:19	1	e8xttd	female	international_ha	1	1	1	1	1	999	200	1	1	1	1	200	60	1	40	1	2	1	SEN Teaching Assistant	Academics Ltd	Psychology	22	Cover Supervisor/Instructor	Academics Ltd	Education	25	Slightly unhappy		0	1							FL_126		FL_127|FL_129									
R_3MRHYPhHZBLCu2V	Default Response Set	10.07.2017 11:37	10.07.2017 11:49	1	i8pye5	male	noask	1	1	1	1	1	25	18	1	1	1	1	25	90	1	90	1	25	1	Teaching Assistant	School	Education	19000	Teacher	School	Educatuob	42000	Slightly happy	0		1	FL_22	FL_98|FL_97																
R_ZduVcZ7sBatlWtX	Default Response Set	10.07.2017 12:14	10.07.2017 12:29	1	nnhrwt	male	domestic_ha	1	1	1	1	1	30	22	1	1	1	1	30	70	1	45	1	18	1	Business Development Manager	IT GLOBAL (UK) Limited	"Sales and Marketing, Office and Admin"	40	Leadership/Managerial positions	Nigel Frank International	Sales and Marketing	60	Extremely happy		4	1													FL_150		FL_153|FL_151			
R_2CiVO7tLH2IW8Hn	Default Response Set	10.07.2017 12:35	10.07.2017 12:44	1	p561ea	female	noask	1	1	1	1	1	26	"24,000"	1	1	1	1	22	40	1	80	1	21	1	Graduate Marketing Executive (Data)	Understanding Recruitment	Marketing	28000	Innovation Program Manager	JSP	IT	55	Moderately unhappy		0	1	FL_100		FL_103|FL_101															
R_2yabEeYNLHHUWqO	Default Response Set	10.07.2017 13:07	10.07.2017 13:12	1	3ecp4e	female	international_hb	1	1	1	1	1	200	30	1	1	1	1	30	80	1	50	1	40	1	pr	apple	apple	70	pr	apple	apple	100	Slightly happy	0		1				FL_133	FL_136|FL_134													
R_2B5vR1VKcaixfnc	Default Response Set	03.07.2017 16:52	10.07.2017 13:19	1	i1ejln	male	noask	1	1	1	1	1	35	18	1	1	1	1	20	20	1	20	1	20	1	Web Developer	Microsoft	IT	25	"Junior Developer - C#, WPF - Romford"	Montash	IT	40	Moderately happy		1	1	FL_100		FL_101|FL_103															
R_DjwLWBtKRU6MofL	Default Response Set	10.07.2017 13:33	10.07.2017 13:46	1	mw4fon	female	noask	1	1	1	1	1	30	27	1	1	1	1	25	90	1	85	1	25	1	Graduate/trainee internal recruitment 	Hunter Macdonald	It/HR	17	Software project designer	GO IT Recruitment Limited 	"IT, engineering, consulting "	45	Moderately happy	2		1	FL_22	FL_98|FL_97																
R_0V5Rq3A85Us3FrX	Default Response Set	10.07.2017 13:27	10.07.2017 14:00	1	lpyc0r	female	domestic_ha	1	1	1	1	1	28	25	1	1	1	1	23	58	1	58	1	21.5	1	Graduate Data Scientist	Harvey Nash Plc	IT	22	Graduate Data Scientist	Computer People	It	35	Extremely unhappy	5		1													FL_145	FL_148|FL_146				
R_ODRec4lb153TyxP	Default Response Set	10.07.2017 13:57	10.07.2017 14:08	1	vq080z	male	international_hb	1	1	1	1	1	18	22	1	1	1	1	21	78	1	50	1	21	1	Credit Risk Analyst	Oliver James Associates	 Finance	30	Insurance Business Analyst	 JM Group	Finance	60	Moderately happy		1	1				FL_138		FL_139|FL_141												
R_3nejUMpnMDwBCYH	Default Response Set	03.07.2017 17:41	03.07.2017 17:41	0	cccsdl	male	international_ha	1																																															
R_tLFOk7Jh0FCqYed	Default Response Set	03.07.2017 16:49	03.07.2017 17:55	0	ggrl5c	female	noask	1	1	1	1	1	23	23	1	1	1	1	24	45	1	56	1	20	1	Graduate trainee consultant 	Not mentioned 	Finance 	22000																										
R_2wt5dAOqdlicslH	Default Response Set	27.06.2017 21:16	03.07.2017 18:03	0	mlkhwm	male	noask	1	1	1	1	1	32	18.5	1	1	1	1	23	25	1	42	1	21	1	GM	Vital	Hospitality	26000																										
R_BqVY6bZeHdXYpcl	Default Response Set	05.07.2017 15:38	10.07.2017 19:16	1	oomdw3	female	noask	1	1	1	1	1	22	18	1	1	1	1	24	50	1	40	1	21	1	Administrator PA executive assistant 	Joseph Harry ltd	IT	26	Community manager	Talent interna?ional 	IT	30	Slightly happy	1		1	FL_22	FL_98|FL_97																
R_3MhYWqfbd5Z7H98	Default Response Set	03.07.2017 21:57	03.07.2017 22:15	0	3mnm9b	female	noask	1	1	1	1	1	30	25	1	1	1	1	30	20	1	35	1	27	1																														
R_1CBdAOS41BwGqdi	Default Response Set	29.06.2017 01:37	04.07.2017 06:22	0	s9fyd	female	domestic_hb	1	1	1	1	1	140	100	1																																								
R_1nUg8RQsGYtriPV	Default Response Set	04.07.2017 10:39	04.07.2017 10:43	0	9z9vu9	male	international_ha	1	1	1	1	1	20	"20,000"	1	1	1	1	20																																				
R_bge2Pof1jA2wgdb	Default Response Set	09.07.2017 15:49	09.07.2017 16:01	0	157od2	male	domestic_ha	1	1	1	1	1	40	40	1	1	1	1	22	60	1	45	1	30	1	International Trainee Recruitment Consultant	International Trainee Recruitment Consultant: McGregor Boyall	HR	22																										
R_2BbbrAZVUbBVZ12	Default Response Set	06.07.2017 12:24	07.07.2017 08:32	0	zzb3bm	female	international_hb	1	1	1	1	1	25	18	1	1	1	1	21	30	1	75	1	18	1	Retail/Sales Assistant	Apollo Advertising	Sales	16																										
R_1N4eQIOwHe9SpIW	Default Response Set	05.07.2017 01:55	05.07.2017 01:56	0	ihx2eg	male	noask	1	1	1	1																																												
R_2tlJ8p2Q6WHK8MI	Default Response Set	28.06.2017 18:30	04.07.2017 20:15	0	l964kj	female	international_ha	1	1																																														
